Observer,Date,Time,Visit,foot_boat,Property,PointID,X-coord,Y_coord,Wind,Noise,Species,Min_1,Min_2,Min_3,Min_4,Min_5,Min_6,Min_7,Min_8,Min_9,Min_10,Notes
C. Bland,4/25/2016,8:20,1,Foot,Gull Rock,1,399076,3913351,1,0,CLRA,1,1,1,1,,,1,1,,1,
C. Bland,5/16/2016,8:15,2,Foot,Gull Rock,1,,,2,0,CLRA,1,,1,,,,,,,,
A. Bledsoe,6/3/2016,5:29,3,Foot,Gull Rock,1,399079,3913348,0,1,CLRA,,1,,,,,,,,,
A. Bledsoe,6/3/2016,5:29,3,Foot,Gull Rock,1,399079,3913348,0,1,CLRA,,1,1,1,1,1,1,1,,,
A. Bledsoe,6/3/2016,5:29,3,Foot,Gull Rock,1,399079,3913348,0,1,KCLR,,,,,,,,,1,1,
A. Bledsoe,6/3/2016,5:29,3,Foot,Gull Rock,1,399079,3913348,0,1,KCLR,,,,,,,,,1,,
C. Bland,4/25/2016,7:24,1,Foot,Gull Rock,2,399527,3913708,1,0,CLRA,1,1,1,1,,1,1,1,1,1,
C. Bland,4/25/2016,7:24,1,Foot,Gull Rock,2,399527,3913708,1,0,CLRA,1,,,1,1,1,,,,1,
C. Bland,4/25/2016,7:24,1,Foot,Gull Rock,2,399527,3913708,1,0,CLRA,,,,,,,1,,1,1,
A. Bledsoe,5/16/2016,6:03,2,Foot,Gull Rock,2,,,1,2,CLRA,1,1,1,1,1,1,1,1,1,1,
A. Bledsoe,5/16/2016,6:03,2,Foot,Gull Rock,2,,,1,2,KCLR,,,,,,1,,,1,,
A. Bledsoe,5/16/2016,6:03,2,Foot,Gull Rock,2,,,1,2,KCLR,,,,,,1,,,1,,
A. Bledsoe,5/27/2016,6:42,3,Foot,Gull Rock,2,399519,3913706,0,1,CLRA,,,,,1,,,,1,1,
P. Taillie,4/25/2016,8:02,1,Foot,Gull Rock,4,,,1,1,CLRA, , , , , , , , , ,1,
C. Bland,5/15/2016,7:10,2,Foot,Gull Rock,4,398213,3913675,3,0,CLRA,1,,1,1,,,1,,,1,
A. Bledsoe,6/3/2016,6:33,3,Foot,Gull Rock,4,398224,3913676,0,1,CLRA,1,1,1,1,1,1,1,,1,,
A. Bledsoe,6/3/2016,6:33,3,Foot,Gull Rock,4,398224,3913676,0,1,VIRA,,,,,,,1,,,,
A. Bledsoe,6/3/2016,6:33,3,Foot,Gull Rock,4,398224,3913676,0,1,KIRA,,,,,,,,,1,,
P. Taillie,5/4/2016,6:27,1,Foot,Gull Rock,5,,,2,0,CLRA,1,1,1,1,1,1,,,1,1,
P. Taillie,5/4/2016,6:27,1,Foot,Gull Rock,5,,,2,0,CLRA,1,1,1,,,,1,1,,,
P. Taillie,5/4/2016,6:27,1,Foot,Gull Rock,5,,,2,0,CLRA,1,,1,1,,1,1,1,,,
P. Taillie,5/4/2016,6:27,1,Foot,Gull Rock,5,,,2,0,LEBI,,1,1,1,1,1,1,1,1,1,
P. Taillie,5/4/2016,6:27,1,Foot,Gull Rock,5,,,2,0,CLRA,,,,,1,,,,1,,
C. Bland,5/16/2016,7:34,2,Foot,Gull Rock,5,398509,3913141,2,0,CLRA,,1,1,1,,,,1,,1,
C. Bland,5/16/2016,7:34,2,Foot,Gull Rock,5,398509,3913141,2,0,CLRA,,,,1,,1,,1,1,1,
A. Bledsoe,5/27/2016,7:28,3,Foot,Gull Rock,5,398504,3913145,0,1,CLRA,,,,1,,,,,,,
P. Taillie,4/25/2016,7:22,1,Foot,Gull Rock,6,,,0,3,CLRA,1,1,1,1,1,1,1,1,1,1,
P. Taillie,4/25/2016,7:22,1,Foot,Gull Rock,6,,,0,3,CLRA,1,1,1,1,1,1,1,1,1,1,
P. Taillie,4/25/2016,7:22,1,Foot,Gull Rock,6,,,0,3,CLRA,,,,,1,1,1,1,1,,
P. Taillie,4/25/2016,7:22,1,Foot,Gull Rock,6,,,0,3,CLRA,,,,,,,,,1,,
C. Bland,5/15/2016,8:04,2,Foot,Gull Rock,6,,,4,0,CLRA,,1,1,,,1,1,,1,1,
C. Bland,5/15/2016,8:04,2,Foot,Gull Rock,6,,,4,0,CLRA,,,,,,1,,,1,1,
A. Bledsoe,6/3/2016,6:02,3,Foot,Gull Rock,6,398634,3913885,0,1,CLRA,1,,,,,,,,,,
P. Taillie,4/25/2016,6:34,1,Foot,Gull Rock,8,,,0,1,CLRA,,,1,,,,,1,1,1,
A. Bledsoe,6/3/2016,7:41,2,Foot,Gull Rock,8,,,0,1,NONE,,,,,,,,,,,
L. Bobay,5/11/2016,7:47,1,Foot,Swan Quarter,9,,,2,1,VIRA,,,,,,,,,1,,
C. Bland,6/15/2016,5:47,2,Foot,Swanquarter,9,373217,3922436,0,0,NONE,,,,,,,,,,,
L. Bobay,5/10/2016,7:10,1,Foot,Swan Quarter,10,,,3,1,VIRA,1,,,,1,1,1,1,1,,
L. Bobay,5/10/2016,7:10,1,Foot,Swan Quarter,10,,,3,1,VIRA,1,,,,,,,,,,
L. Bobay,5/10/2016,7:10,1,Foot,Swan Quarter,10,,,3,1,VIRA,,,,,,,1,1,,,
L. Bobay,5/10/2016,7:10,1,Foot,Swan Quarter,10,,,3,1,CLRA,,,,,,,,,,1,
A. Bledsoe,6/15/2016,6:51,2,Foot,Swanquarter,10,374239,3923439,1,1,VIRA,,,,,,,,1,,,
A. Bledsoe,6/15/2016,6:51,2,Foot,Swanquarter,10,374239,3923439,1,1,VIRA,,,,,,,,1,1,,
A. Bledsoe,6/15/2016,6:51,2,Foot,Swanquarter,10,374239,3923439,1,1,VIRA,,,,,,,,1,1,,
L. Bobay,6/25/2016,6:21,3,Foot,Swanquarter,10,,,1,2,VIRA,,1,1,1,,1,,,,1,
L. Bobay,6/25/2016,6:21,3,Foot,Swanquarter,10,,,1,2,LEBI,,,,,,,1,,,,
L. Bobay,5/11/2016,7:18,1,Foot,Swan Quarter,11,,,1,1,CLRA,1,1,1,1,1,1,1,1,1,1,
L. Bobay,5/11/2016,7:18,1,Foot,Swan Quarter,11,,,1,1,CLRA,1,,,1,,,,,,,
L. Bobay,5/11/2016,7:18,1,Foot,Swan Quarter,11,,,1,1,VIRA,,,,,,,,1,,,
A. Bledsoe,6/15/2016,5:44,2,Foot,Swanquarter,11,373650,3922641,1,1,NONE,,,,,,,,,,,
L. Bobay,6/25/2016,7:41,3,Foot,Swanquarter,11,,,1,1,KCLR,,,,,,,,,1,,
A. Bledsoe,5/24/2016,7:19,1,Foot,Swan Quarter,12,374116,3922384,2,1,NONE,,,,,,,,,,,
C. Bland,6/15/2016,6:40,2,Foot,Swanquarter,12,374116,3922384,1,0,NONE,,,,,,,,,,,"I think a LEBI called once in minute one, but was unsure. Didn't call again. "
L. Bobay,5/10/2016,8:04,1,Foot,Swan Quarter,13,,,3,1,CLRA,,,,,1,,1,,,1,
L. Bobay,6/25/2016,6:59,2,Foot,Swanquarter,13,,,0,1,VIRA,,,,,1,,1,,,,
A. Bledsoe,5/24/2016,8:35,1,Foot,Swan Quarter,14,374643,3922549,1,1,VIRA,,,,,,1,,,,,
L. Bobay,5/11/2016,6:28,1,Foot,Swan Quarter,15,,,1,1,CLRA,,1,1,1,,1,,1,1,,
L. Bobay,5/11/2016,6:28,1,Foot,Swan Quarter,15,,,1,1,VIRA,,,,,,,1,,1,1,
L. Bobay,5/11/2016,6:28,1,Foot,Swan Quarter,15,,,1,1,CLRA,,,,,,,,,1,,
L. Bobay,5/11/2016,6:28,1,Foot,Swan Quarter,15,,,1,1,VIRA,,,,,,,,,,1,
A. Bledsoe,6/15/2016,7:27,2,Foot,Swanquarter,15,373746,3923130,1,1,VIRA,,,,,,,1,,1,1,
A. Bledsoe,6/15/2016,7:27,2,Foot,Swanquarter,15,373746,3923130,1,1,KIRA,,,,,,,,,1,,
P. Taillie,5/10/2016,6:05,1,Foot,Swan Quarter,16,,,2,2,VIRA,1,,1,1,1,,1,1,1,1,
P. Taillie,5/10/2016,6:05,1,Foot,Swan Quarter,16,,,2,2,VIRA,,1,,,,,1,1,,,
P. Taillie,5/10/2016,6:05,1,Foot,Swan Quarter,16,,,2,2,LEBI,,,1,1,1,,1,,,,
P. Taillie,5/10/2016,6:05,1,Foot,Swan Quarter,16,,,2,2,VIRA,,,,,,,1,1,1,,
P. Taillie,5/10/2016,6:05,1,Foot,Swan Quarter,16,,,2,2,CLRA,,,,,,,,,,1,
A. Bledsoe,6/15/2016,6:16,2,Foot,Swanquarter,16,374719,3923154,1,1,VIRA,,1,1,,1,1,1,1,1,1,
A. Bledsoe,6/15/2016,6:16,2,Foot,Swanquarter,16,374719,3923154,1,1,CLRA,,,,,,,1,,,,
A. Bledsoe,6/15/2016,6:16,2,Foot,Swanquarter,16,374719,3923154,1,1,VIRA,,,,,,,,,1,1,
L. Bobay,6/25/2016,5:45,3,Foot,Swanquarter,16,,,0,2,VIRA,,1,1,,,,1,,1,1,
L. Bobay,6/25/2016,5:45,3,Foot,Swanquarter,16,,,0,2,VIRA,,,,,,1,,1,1,1,
L. Bobay,6/25/2016,5:45,3,Foot,Swanquarter,16,,,0,2,VIRA,,,,,,1,,1,,,
L. Bobay,6/25/2016,5:45,3,Foot,Swanquarter,16,,,0,2,VIRA,,,,,,1,,,,,
A. Bledsoe,5/16/2016,7:46,1,Foot,Gull Rock,19,,,1,1,LEBI,,,,,,,,1,1,,
C. Bland,6/3/2016,6:00,2,Foot,Gull Rock,19,,,0,0,CLRA,1,,1,1,,,1,,1,1,
C. Bland,6/3/2016,6:00,2,Foot,Gull Rock,19,,,0,0,LEBI,,1,1,,,,1,1,1,1,
C. Bland,6/3/2016,6:00,2,Foot,Gull Rock,19,,,0,0,KCLR,,,,,,,1,,1,,
C. Bland,4/17/2016,7:15,1,Foot,Pamlico Road,25,423479,3940176,2,0,KCLR,,,,,,,1,,1,1,
A. Bledsoe,6/24/2016,6:45,2,Foot,Pamlico Road,25,423419,3940180,0,3,NONE,,,,,,,,,,,Point moved about 30 meters away (out of forest)
C. Bland,4/18/2016,8:06,1,Foot,Pamlico Road,28,423164,3939766,3,0,CLRA,,1,1,,1,,,,1,1,
C. Bland,4/18/2016,8:06,1,Foot,Pamlico Road,28,423164,3939766,3,0,CLRA,, , , , , ,1,,1,,
C. Bland,5/23/2016,7:43,2,Foot,Pamlico Road,28,423167,3939762,3,0,CLRA,1,1,1,1,1,1,,1,1,1,
C. Bland,5/23/2016,7:43,2,Foot,Pamlico Road,28,423167,3939762,3,0,VIRA,1,,1,,,,,1,1,1,
C. Bland,5/23/2016,7:43,2,Foot,Pamlico Road,28,423167,3939762,3,0,CLRA,1,,1,,1,1,,1,,1,
A. Bledsoe,6/24/2016,8:11,3,Foot,Pamlico Road,28,423170,3939759,1,1,VIRA,,,,,,1,,,,,
A. Bledsoe,6/24/2016,8:11,3,Foot,Pamlico Road,28,423170,3939759,1,1,CLRA,,,,,,,1,,,,
A. Bledsoe,6/24/2016,8:11,3,Foot,Pamlico Road,28,423170,3939759,1,1,VIRA,,,,,,,,1,,1,
C. Bland,4/19/2016,7:47,1,Foot,Long Shoal River,29,425701,3939392,2,0,NONE,,,,,,,,,,,
C. Bland,5/25/2016,7:30,2,Foot,Long Shoal River,29,,,2,0,KCLR,1,,1,,,1,1,1,,1,
C. Bland,5/25/2016,7:30,2,Foot,Long Shoal River,29,,,2,0,KCLR,,1,1,1,,1,1,1,1,,
C. Bland,5/25/2016,7:30,2,Foot,Long Shoal River,29,,,2,0,BLRA,,,,,,,,1,,1,
A. Bledsoe,5/23/2016,6:10,1,Foot,Pamlico Road,30,,,3,0,NONE,,,,,,,,,,,
A. Bledsoe,6/6/2016,6:32,2,Foot,Pamlico Road,30,422880,3940318,3,1,CLRA,1,1,1,1,1,1,1,1,1,1,
C. Bland,4/19/2016,8:18,1,Foot,Long Shoal River,33,425699,3939917,1,0,NONE,,,,,,,,,,,
C. Bland,5/25/2016,8:06,2,Foot,Long Shoal River,33,425689,3939894,1,2,VIRA,,,,,,,,,1,1,
C. Bland,4/18/2016,7:08,1,Foot,Pamlico Road,34,422603,3939274,2,0,CLRA,,,1,,1,1,,,,,
C. Bland,4/18/2016,7:08,1,Foot,Pamlico Road,34,422603,3939274,2,0,CLRA,,,,,,1,1,1,1,1,
C. Bland,5/23/2016,6:09,2,Foot,Pamlico Road,34,422605,3939276,3,0,CLRA,1,1,1,1,1,1,1,1,1,1,
C. Bland,5/23/2016,6:09,2,Foot,Pamlico Road,34,422605,3939276,3,0,CLRA,,1,1,1,1,1,,1,1,1,
C. Bland,5/23/2016,6:09,2,Foot,Pamlico Road,34,422605,3939276,3,0,CLRA,,,1,,1,1,1,1,,1,
A. Bledsoe,6/24/2016,7:28,3,Foot,Pamlico Road,34,422603,3939270,1,2,VIRA,,,1,,,,,,,1,
C. Bland,4/18/2016,6:26,1,Foot,Pamlico Road,35,422156,3939966,2,0,CLRA,,,1,1,,,,,,1,
A. Bledsoe,5/23/2016,7:18,2,Foot,Pamlico Road,35,,,3,1,NONE,,,,,,,,,,,
A. Bledsoe,6/6/2016,7:20,3,Foot,Pamlico Road,35,,,4,2,NONE,,,,,,,,,,,
C. Bland,4/17/2016,8:05,1,Foot ,Pamlico Road,36,422645,3939859,5,0,NONE,,,,,,,,,,,
A. Bledsoe,5/23/2016,6:44,2,Foot,Pamlico Road,36,,,3,0,KCLR,1,1,,,1,1,,,,,
A. Bledsoe,5/23/2016,6:44,2,Foot,Pamlico Road,36,,,3,0,KCLR,1,1,1,1,1,,,,,,
A. Bledsoe,5/23/2016,6:44,2,Foot,Pamlico Road,36,,,3,0,KCLR,,1,1,,,,,1,1,1,
A. Bledsoe,5/23/2016,6:44,2,Foot,Pamlico Road,36,,,3,0,KCLR,,,,,1,,,,,,
A. Bledsoe,6/6/2016,5:57,3,Foot,Pamlico Road,36,422647,3939854,4,0,KCLR,1,,,,,1,,,,,
A. Bledsoe,6/6/2016,5:57,3,Foot,Pamlico Road,36,422647,3939854,4,0,KCLR,1,,,,,,,,1,,
A. Bledsoe,6/6/2016,5:57,3,Foot,Pamlico Road,36,422647,3939854,4,0,CLRA,1,1,,,,,,,,,
A. Bledsoe,6/6/2016,5:57,3,Foot,Pamlico Road,36,422647,3939854,4,0,KCLR,,,,,,1,,,,,
A. Bledsoe,6/6/2016,5:57,3,Foot,Pamlico Road,36,422647,3939854,4,0,KCLR,,,,,,1,,,,,
A. Bledsoe,6/6/2016,5:57,3,Foot,Pamlico Road,36,422647,3939854,4,0,KCLR,,,,,,1,,,,,
A. Bledsoe,6/6/2016,5:57,3,Foot,Pamlico Road,36,422647,3939854,4,0,KCLR,,,,,,1,,,,,
A. Bledsoe,6/6/2016,5:57,3,Foot,Pamlico Road,36,422647,3939854,4,0,KCLR,,,,,,1,,,,,
A. Bledsoe,6/6/2016,5:57,3,Foot,Pamlico Road,36,422647,3939854,4,0,KIRA,,,,,,,,,1,,
C. Bland,4/30/2016,8:27,1,Foot,Mashoes,37,426713,3976337,3,0,NONE,,,,,,,,,,,
C. Bland,6/16/2016,7:31,2,Foot,Mashoes,37,426713,3976337,2,0,NONE,,,,,,,,,,,
P. Taillie,4/15/2016,6:40,1,Foot,Mashoes,38,426734,3976926,3,0,NONE,,,,,,,,,,,
A. Bledsoe,5/31/2016,7:10,2,Foot,Mashoes,38,,,1,1,NONE,,,,,,,,,,,
C. Bland,6/16/2016,8:06,3,Foot,Mashoes,38,426780,3976887,3,1,NONE,,,,,,,,,,,
C. Bland,4/30/2016,7:13,1,Foot,Mashoes,39,425846,3976768,3,0,NONE,,,,,,,,,,,
C. Bland,6/16/2016,6:56,2,Foot,Mashoes,39,425846,3976768,3,0,NONE,,,,,,,,,,,
C. Bland,4/30/2016,6:25,1,Foot,Mashoes,40,425317,3977106,4,0,NONE,,,,,,,,,,,
C. Bland,6/16/2016,6:03,2,Foot,Mashoes,40,425317,3977106,1,0,NONE,,,,,,,,,,,
P. Taillie,4/15/2016,7:10,1,Foot,Mashoes,42,,,4,0,NONE,,,,,,,,,,,
A. Bledsoe,5/31/2016,6:30,2,Foot,Mashoes,42,,,0,2,KCRA,,,,,,,1,1,1,1,
A. Bledsoe,6/16/2016,7:42,3,Foot,Mashoes,42,,,3,1,NONE,,,,,,,,,,,
C. Bland,4/21/2016,8:20,1,Foot,Deep Bay Road,45,418290,3971503,0,1,NONE,,,,,,,,,,,
C. Bland,5/24/2016,7:48,2,Foot,Deep Bay Road,45,418290,3971503,1,0,NONE,,,,,,,,,,,
C. Bland,6/6/2016,5:25,3,Foot,Deep Bay Road,45,418290,3971503,3,3,NONE,,,,,,,,,,,
C. Bland,4/21/2016,7:15,1,Foot,Deep Bay Road,46,418610,3972268,0,1,NONE,,,,,,,,,,,
C. Bland,5/24/2016,6:52,2,Foot,Deep Bay Road,46,418596,3972269,0,0,NONE,,,,,,,,,,,
C. Bland,6/6/2016,8:14,3,Foot,Deep Bay Road,46,418596,3972269,2,0,NONE,,,,,,,,,,,
C. Bland,4/21/2016,7:50,1,Foot,Deep Bay Road,47,418789,3971760,0,1,NONE,,,,,,,,,,,
C. Bland,5/24/2016,8:37,2,Foot,Deep Bay Road,47,,,1,0,NONE,,,,,,,,,,,
C. Bland,4/21/2016,6:38,1,Foot,Deep Bay Road,48,419357,3971721,0,2,NONE,,,,,,,,,,,
C. Bland,5/24/2016,6:02,2,Foot,Deep Bay Road,48,,,1,0,NONE,,,,,,,,,,,
C. Bland,6/6/2016,6:14,3,Foot,Deep Bay Road,48,419357,3971721,2,0,NONE,,,,,,,,,,,
C. Bland,4/27/2016,6:02,1,Foot,ICW,56,388347,3939919,1,3,NONE,,,,,,,,,,,
C. Bland,6/17/2016,7:12,2,Foot,ICW,56,388350,3939920,0,3,KCLR,,,,,,,1,1,,1,
C. Bland,6/17/2016,7:12,2,Foot,ICW,56,388350,3939920,0,3,KCLR,,,,,,,,1,,,
C. Bland,6/17/2016,7:12,2,Foot,ICW,56,388350,3939920,0,3,KCLR,,,,,,,,,1,1,
P. Taillie,4/27/2016,6:02,1,Foot,ICW,57,,,3,2,KIRA,1,1,1,1,1,1,1,1,1,1,
P. Taillie,4/27/2016,6:02,1,Foot,ICW,57,,,3,2,CLRA,,,,,,,,,,1,
C. Bland,5/31/2016,6:47,2,Foot,ICW,57,388040,3940328,1,2,KCLR,,1,,,,,1,,1,1,
C. Bland,5/31/2016,6:47,2,Foot,ICW,57,388040,3940328,1,2,KCLR,,,,,,,,1,,1,
A. Bledsoe,6/17/2016,6:34,3,Foot,ICW,57,388050,3940325,0,1,KIRA,,,,,,,,,1,1,
A. Bledsoe,6/17/2016,6:34,3,Foot,ICW,57,388050,3940325,0,1,KIRA,,,,,,,,,1, ,
P. Taillie,4/27/2016,6:49,1,Foot,ICW,58,,,4,1,KCLR,1,,1,,1,,1,,,,
P. Taillie,4/27/2016,6:49,1,Foot,ICW,58,,,4,1,KIRA,,,,,,,,,1,,
C. Bland,5/31/2016,7:36,2,Foot,ICW,58,,,1,2,NONE,,,,,,,,,,,
A. Bledsoe,6/17/2016,7:50,3,Foot,ICW,58,387672,3940715,0,1,KIRA,,1,1,1,1,1,1,1,1,1,
P. Taillie,4/27/2016,8:49,1,Foot,ICW,59,,,4,4,NONE,,,,,,,,,,,
A. Bledsoe,6/17/2016,7:08,2,Foot,ICW,59,388266,3940696,0,1,KIRA,,,,,,,,,1,1,
A. Bledsoe,6/17/2016,8:08,2,Foot,ICW,59,388266,3940696,0,1,KIRA,,,,,,,,,,1,
C. Bland,4/27/2016,8:00,1,Foot,ICW,60,388637,3940456,3,2,KCLR,,,,,,,,,1,1,
C. Bland,6/17/2016,6:36,2,Foot,ICW,60,388640,3940461,0,3,KCLR,,1,,,,,,,1,,
P. Taillie,4/27/2016,7:45,1,Foot,ICW,61,,,3,0,KIRA,1,,,,1,,,1,,1,
P. Taillie,4/27/2016,7:45,1,Foot,ICW,61,,,3,0,KIRA,,,,,,,,,1,,
C. Bland,5/31/2016,8:41,2,Foot,ICW,61,,,1,1,KCLR,,,,,,,,1,,1,
C. Bland,4/27/2016,7:27,1,Foot,ICW,62,389152,3940551,3,1,NONE,,,,,,,,,,,
P. Taillie,4/20/2016,7:15,1,Foot,Point Peter Road,63,,,2,0,NONE,,,,,,,,,,,
C. Bland,5/27/2016,7:57,2,Foot,Point Peter Road,63,431421,3958730,0,0,NONE,,,,,,,,,,,
C. Bland,6/12/2016,6:37,3,Foot,Point Peter Road,63,431417,3958734,3,0,NONE,,,,,,,,,,,
P. Taillie,4/20/2016,6:38,1,Foot,Point Peter Road,65,,,3,1,NONE,,,,,,,,,,,
C. Bland,5/27/2016,7:18,2,Foot,Point Peter Road,65,432185,3958749,0,0,NONE,,,,,,,,,,,
C. Bland,6/12/2016,8:14,3,Foot,Point Peter Road,65,432171,3958747,3,0,NONE,,,,,,,,,,,
C. Bland,4/20/2016,6:26,1,Foot,Point Peter Road,66,432706,3958322,3,0,NONE,,,,,,,,,,,
C. Bland,6/5/2016,8:03,2,Foot,Point Peter Road,66,,,2,1,CLRA,1,,,,,,1,,1,1,
C. Bland,6/5/2016,8:03,2,Foot,Point Peter Road,66,,,2,1,CLRA,1,,,,,,1,,1,1,
C. Bland,5/27/2016,6:42,1,Foot,Point Peter Road,67,432797,3959007,0,0,KCLR,,,,,,,,1,,1,
C. Bland,6/5/2016,6:57,2,Foot,Point Peter Road,67,,,1,0,NONE,,,,,,,,,,,
C. Bland,6/5/2016,6:57,2,Foot,Point Peter Road,67,,,1,0,NONE,,,,,,,,,,,
C. Bland,5/27/2016,6:08,1,Foot,Point Peter Road,68,433021,3959453,0,1,NONE,,,,,,,,,,,
C. Bland,6/5/2016,6:04,2,Foot,Point Peter Road,68,,,1,1,NONE,,,,,,,,,,,
C. Bland,6/5/2016,6:04,2,Foot,Point Peter Road,68,,,1,1,NONE,,,,,,,,,,,
C. Bland,4/16/2016,8:20,1,Foot,Roanoke Marsh,69,,,3,2,NONE,,,,,,,,,,,
C. Bland,5/14/2016,5:42,2,Foot,Roanoke Marsh,69,441125,3971148,1,2,CLRA,,,,,,,1,1,1,1,
C. Bland,5/14/2016,5:42,2,Foot,Roanoke Marsh,69,441125,3971148,1,2,VIRA,,,,,,,,,1,1,
C. Bland,5/14/2016,5:42,2,Foot,Roanoke Marsh,69,441125,3971148,1,2,VIRA,,,,,,,1,,1,1,
A. Bledsoe,6/1/2016,8:24,3,Foot,Roanoke Marsh,69,441127,3971159,2,3,CLRA,,,1,,1,1,,,,1,
A. Bledsoe,6/1/2016,8:24,3,Foot,Roanoke Marsh,69,441127,3971159,2,3,CLRA,,,1,,,,,1,,,
A. Bledsoe,6/1/2016,8:24,3,Foot,Roanoke Marsh,69,441127,3971159,2,3,VIRA,,,,,,,,1,1,,
A. Bledsoe,6/1/2016,8:24,3,Foot,Roanoke Marsh,69,441127,3971159,2,3,VIRA,,,,,,,,,1,,
C. Bland,4/16/2016,7:48,1,Foot,Roanoke Marsh,70,441261,3971682,3,4,NONE,,,,,,,,,,,
C. Bland,5/14/2016,6:38,2,Foot,Roanoke Marsh,70,441259,3971680,0,3,VIRA,1,1,,1,,1,1,1,,1,
C. Bland,5/14/2016,6:38,2,Foot,Roanoke Marsh,70,441259,3971680,0,3,VIRA,,1,,,,,,1,,1,
A. Bledsoe,6/1/2016,7:10,3,Foot,Roanoke Marsh,70,,,2,3,VIRA,,,,,,,,,1,,
C. Bland,4/16/2016,7:09,1,Foot,Roanoke Marsh,71,441983,3971927,2,5,CLRA,1,1,,1,1,1,1,1,1,1,
C. Bland,4/16/2016,7:09,1,Foot,Roanoke Marsh,71,441983,3971927,2,5,CLRA,1,1,1,1,,,,1,1,1,
A. Bledsoe,6/1/2016,6:30,2,Foot,Roanoke Marsh,71,,,2,4,NONE,,,,,,,,,,,
A. Bledsoe,6/10/2016,5:24,3,Foot,Roanoke Marshes,71,441988,3971926,3,4,CLRA,1,,,,,,,,,,
C. Bland,5/14/2016,8:38,4,Foot,Roanoke Marshes,71,442000,3971926,1,3,VIRA,,1,,,1,1,1,,1,1,
C. Bland,4/16/2016,6:38,1,Foot ,Roanoke Marsh,72,441978,3971460,1,3,CLRA,1,1,,1,1,1,1,1,1,1,
C. Bland,4/16/2016,6:38,1,Foot ,Roanoke Marsh,72,441978,3971460,1,3,VIRA,,1,1,1,1,,1,1,1,1,
L. Bobay,5/13/2016,5:45,2,Foot,Roanoke Marsh,72, , ,0,3,VIRA,1,1,,,,,1,1,1,1,
L. Bobay,5/13/2016,5:45,2,Foot,Roanoke Marsh,72,,,0,3,CLRA,1,,,1,1,1,1,,1,1,
L. Bobay,5/13/2016,5:45,2,Foot,Roanoke Marsh,72,,,0,3,VIRA,1,1,,,1,1,,,,,
L. Bobay,5/13/2016,5:45,2,Foot,Roanoke Marsh,72,,,0,3,CLRA,1,1,1,1,1,,,,,,
L. Bobay,5/13/2016,5:45,2,Foot,Roanoke Marsh,72,,,0,3,CLRA,,,,,,1,,,,,
L. Bobay,5/13/2016,5:45,2,Foot,Roanoke Marsh,72,,,0,3,CLRA,,,,,,,1,,,,
A. Bledsoe,6/10/2016,5:54,3,Foot,Roanoke Marshes,72,441975,3971452,2,4,VIRA,1,,1,,1,1,1,1,1,1,
A. Bledsoe,6/10/2016,5:54,3,Foot,Roanoke Marshes,72,441975,3971452,2,4,CLRA,,1,,,,,1,,,,
A. Bledsoe,6/10/2016,5:54,3,Foot,Roanoke Marshes,72,441975,3971452,2,4,CLRA,,,,,1,,,,,,
P. Taillie,4/16/2016,6:42,1,Foot,Roanoke Marsh,73,,,3,2,CLRA,1,,,,,,,,,,
P. Taillie,4/16/2016,6:42,1,Foot,Roanoke Marsh,73,,,3,2,CLRA,1,1,1,,,1,,1,,1,
P. Taillie,4/16/2016,6:42,1,Foot,Roanoke Marsh,73,,,3,2,VIRA,,,,,,,,1,,,
L. Bobay,5/13/2016,6:21,2,Foot,Roanoke Marsh,73,,,0,2,VIRA,,1,,1,,,,,1,1,
L. Bobay,5/13/2016,6:21,2,Foot,Roanoke Marsh,73,,,0,2,CLRA,,,1,,1,,1,,1,,
L. Bobay,5/13/2016,6:21,2,Foot,Roanoke Marsh,73,,,0,2,CLRA,,,,,1,1,1,1,,,
L. Bobay,5/13/2016,6:21,2,Foot,Roanoke Marsh,73,,,0,2,CLRA,,,,,,,1,,,,
L. Bobay,5/13/2016,6:21,2,Foot,Roanoke Marsh,73,,,0,2,VIRA,,,,,,,,,1,,
A. Bledsoe,6/10/2016,7:16,3,Foot,Roanoke Marshes,73,,,4,4,CLRA,,,,1,,,,,,,
A. Bledsoe,6/10/2016,7:16,3,Foot,Roanoke Marshes,73,,,4,4,CLRA,,,,1,,,,,,1,
A. Bledsoe,5/26/2016,5:42,1,Foot,Roanoke Marsh,74,441561,3970826,3,3,VIRA,,,1,,,,,1,1,1,
A. Bledsoe,5/26/2016,5:42,1,Foot,Roanoke Marsh,74,441561,3970826,3,3,VIRA,,,,,,,,,1,,
A. Bledsoe,6/1/2016,7:54,2,Foot,Roanoke Marsh,74,441562,3970828,2,2,CLRA,,,,1,1,,1,,1,,
A. Bledsoe,6/9/2016,7:40,3,Foot,Roanoke Marshes,74,441559,3970827,2,2,CLRA,,1,,,,,,,,,
A. Bledsoe,6/9/2016,7:40,3,Foot,Roanoke Marshes,74,441559,3970827,2,2,CLRA,,,,,,1,,,,1,
A. Bledsoe,6/9/2016,7:40,3,Foot,Roanoke Marshes,74,441559,3970827,2,2,VIRA,,,,,,,,1,,,
A. Bledsoe,6/9/2016,7:40,3,Foot,Roanoke Marshes,74,441559,3970827,2,2,CLRA,,,,,,,,,1,,
C. Bland,5/2/2016,6:30,1,Foot,Roanoke Marsh,75,441419,3970046,2,2,VIRA,1,1,1,1,,,,1,,1,
A. Bledsoe,5/26/2016,6:34,2,Foot,Roanoke Marsh,75,441423,3970037,3,4,CLRA,,1,,,,,,,,,
A. Bledsoe,5/26/2016,6:34,2,Foot,Roanoke Marsh,75,441423,3970037,3,4,VIRA,,,,,,,,1,,,
A. Bledsoe,6/9/2016,6:52,3,Foot,Roanoke Marshes,75,441419,3970042,2,2,VIRA,1,1,1,1,1,1,1,1,1,1,
A. Bledsoe,6/9/2016,6:52,3,Foot,Roanoke Marshes,75,441419,3970042,2,2,CLRA,,1,1,,1,1,,1,1,1,
A. Bledsoe,6/9/2016,6:52,3,Foot,Roanoke Marshes,75,441419,3970042,2,2,VIRA,,,,,,,,1,,1,
A. Bledsoe,6/9/2016,6:52,3,Foot,Roanoke Marshes,75,441419,3970042,2,2,CLRA,,,,,,,,,,1,
C. Bland,5/2/2016,7:42,1,Foot,Roanoke Marsh,76,442137,3968788,2,1,VIRA,1,,1,1,,,1,,1,1,
C. Bland,5/2/2016,7:42,1,Foot,Roanoke Marsh,76,442137,3968788,2,1,CLRA,,,,,,1,,1,1,1,
C. Bland,5/2/2016,7:42,1,Foot,Roanoke Marsh,76,442137,3968788,2,1,CLRA,,,,,,,,1,,1,
A. Bledsoe,5/26/2016,7:40,2,Foot,Roanoke Marsh,76,442146,3968792,1,3,CLRA,1,1,1,1,1,1,1,1,1,1,
A. Bledsoe,6/9/2016,6:01,3,Foot,Roanoke Marshes,76,,,1,2,KIRA,1,1,,1,,,,,,,
A. Bledsoe,6/9/2016,6:01,3,Foot,Roanoke Marshes,76,,,1,2,VIRA,1,1,1,,,,,,,1,
A. Bledsoe,6/9/2016,6:01,3,Foot,Roanoke Marshes,76,,,1,2,VIRA,,,1,1,1,1,1,1,1,1,
A. Bledsoe,6/9/2016,6:01,3,Foot,Roanoke Marshes,76,,,1,2,CLRA,,,,,,,,1,,1,
C. Bland,5/2/2016,5:48,1,Foot,Roanoke Marsh,77,441704,3968373,2,4,VIRA,1,1,,,1,1,,1,1,1,
C. Bland,5/2/2016,5:48,1,Foot,Roanoke Marsh,77,441704,3968373,2,4,VIRA,,,,,,1,,,1,1,
A. Bledsoe,5/26/2016,7:05,2,Foot,Roanoke Marsh,77,441703,3968372,1,4,NONE,,,,,,,,,,,
A. Bledsoe,6/9/2016,5:27,3,Foot,Roanoke Marshes,77,441704,3968375,2,3,VIRA,,,,,,,1,1,1,1,
A. Bledsoe,6/9/2016,5:27,3,Foot,Roanoke Marshes,77,441704,3968375,2,3,KCLR,,,,,,,,,1,,
P. Taillie,4/16/2016,7:25,1,Foot,Roanoke Marsh,78,,,3,2,KCLR,1,1,1,1,,,,,,,
P. Taillie,4/16/2016,7:25,1,Foot,Roanoke Marsh,78,,,3,2,VIRA,,,,,,,,1,,1,
P. Taillie,4/16/2016,7:25,1,Foot,Roanoke Marsh,78,,,3,2,CLRA,,1,,,,,,,,1,
L. Bobay,5/13/2016,6:52,2,Foot,Roanoke Marsh,78,,,0,0,NONE,,,,,,,,,,,
A. Bledsoe,6/10/2016,7:53,3,Foot,Roanoke Marshes,78,442385,3970780,4,3,CLRA,,,,,1,,,,1,,
A. Bledsoe,5/17/2016,6:56,1,Foot,Mashoes,79,,,0,2,KCLR,1,,,,,,,,,,
A. Bledsoe,5/17/2016,6:56,1,Foot,Mashoes,79,,,0,2,KIRA,,,1,,,,,,,,
A. Bledsoe,5/17/2016,6:56,1,Foot,Mashoes,79,,,0,2,CLRA,,,,,,,,,1,1,
A. Bledsoe,5/31/2016,5:48,2,Foot,Mashoes,79,,,0,2,NONE,,,,,,,,,,,
A. Bledsoe,6/16/2016,6:20,3,Foot,Mashoes,79,,,1,1,NONE,,,,,,,,,,,
A. Bledsoe,5/17/2016,6:57,1,Foot,Mashoes,80,,,0,2,KIRA,,1,1,1,1,1,1,1,1,1,
A. Bledsoe,5/17/2016,6:57,1,Foot,Mashoes,80,,,0,2,KCLR,,,,,,,1,,,,
A. Bledsoe,5/31/2016,7:47,2,Foot,Mashoes,80,426187,3979716,2,3,LEBI,1,1,1,1,1,,,,1,1,
A. Bledsoe,6/16/2016,5:46,3,Foot,Mashoes,80,,,3,0,NONE,,,,,,,,,,,
C. Bland,5/17/2016,7:03,1,Foot,Long Shoal River,81,426189,3939689,1,0,CLRA,1,1,1,1,1,1,1,1,1,1,LEBI heard after survey was complete
C. Bland,5/17/2016,7:03,1,Foot,Long Shoal River,81,426189,3939689,1,0,CLRA,1,1,1,1,,1,1,,,1,
C. Bland,5/17/2016,7:03,1,Foot,Long Shoal River,81,426189,3939689,1,0,CLRA,,1,1,,1,1,1,1,,,
C. Bland,5/17/2016,7:03,1,Foot,Long Shoal River,81,426189,3939689,1,0,CLRA,, ,1,1,1,1, , ,,1,
C. Bland,5/17/2016,7:03,1,Foot,Long Shoal River,81,426189,3939689,1,0,CLRA,,1,1,,1,,,,,,
C. Bland,5/17/2016,7:03,1,Foot,Long Shoal River,81,426189,3939689,1,0,VIRA,,,,1,1,1,1,1,1,1,
C. Bland,5/17/2016,7:03,1,Foot,Long Shoal River,81,426189,3939689,1,0,VIRA,,,,,,,1,1,,,
L. Bobay,5/17/2016,6:53,2,Foot,Long Shoal River,81,,,1,1,CLRA,1,1,1,1,1,1,1,1,1,1,
L. Bobay,5/17/2016,6:53,2,Foot,Long Shoal River,81,,,1,1,CLRA,1,1,1,1,,1,,,,,
L. Bobay,5/17/2016,6:53,2,Foot,Long Shoal River,81,,,1,1,CLRA,1,1,1,1,1,1,1,1,1,1,
L. Bobay,5/17/2016,6:53,2,Foot,Long Shoal River,81,,,1,1,CLRA,,,1,,,,,,,,
L. Bobay,5/17/2016,6:53,2,Foot,Long Shoal River,81,,,1,1,CLRA,,,1,,,,,,,,
L. Bobay,5/17/2016,6:53,2,Foot,Long Shoal River,81,,,1,1,CLRA,,,1,,1,,,,,,
L. Bobay,5/17/2016,6:53,2,Foot,Long Shoal River,81,,,1,1,VIRA,,,,1,1,1,1,1,1,1,
L. Bobay,5/17/2016,6:53,2,Foot,Long Shoal River,81,,,1,1,CLRA,,,,,,,1,,,,
P. Taillie,6/4/2016,7:27,3,Foot,Long Shoal River,81,,,0,1,KCLR,1,1,,,,,,1,,,
P. Taillie,6/4/2016,7:27,3,Foot,Long Shoal River,81,,,0,1,VIRA,,,,,,,,1,1,,
C. Bland,5/17/2016,7:39,1,Foot,Long Shoal River,82,,,1,0,CLRA,1,,1,1,1,1,1,1,,1,
C. Bland,5/17/2016,7:39,1,Foot,Long Shoal River,82,,,1,0,LEBI,,,,1,1,1,1,,,,
C. Bland,5/17/2016,7:39,1,Foot,Long Shoal River,82,,,1,0,VIRA,,1,,,1,,,,1,1,
C. Bland,5/17/2016,7:39,1,Foot,Long Shoal River,82,,,1,0,CLRA,,,,,,,1,,1,,
C. Bland,5/17/2016,7:39,1,Foot,Long Shoal River,82,,,1,0,BLRA,,,,,,,,,1,,
L. Bobay,5/17/2016,7:39,2,Foot,Long Shoal River,82,,,2,2,CLRA,1,,1,1,1,1,1,1,,,
L. Bobay,5/17/2016,7:39,2,Foot,Long Shoal River,82,,,2,2,VIRA,,,,1,,,,,,1,
L. Bobay,5/17/2016,7:39,2,Foot,Long Shoal River,82,,,2,2,CLRA,,,,,,1,,,,,
L. Bobay,5/17/2016,7:39,2,Foot,Long Shoal River,82,,,2,2,LEBI,,,,,,1,1,,,,
L. Bobay,5/17/2016,7:39,2,Foot,Long Shoal River,82,,,2,2,BLRA,,,,,,,,,1,,
P. Taillie,6/4/2016,6:18,3,Foot,Long Shoal River,82,,,0,2,NONE,,,,,,,,,,,
P. Taillie,6/4/2016,6:18,3,Foot,Long Shoal River,82,,,0,2,NONE,,,,,,,,,,,
C. Bland,5/17/2016,6:06,1,Foot,Long Shoal River,83,426485,3939248,1,0,CLRA,1,1,1,1,1,,1,,1,,
C. Bland,5/17/2016,6:06,1,Foot,Long Shoal River,83,426485,3939248,1,0,VIRA,,1,,,1,1,1,1,,,
C. Bland,5/17/2016,6:06,1,Foot,Long Shoal River,83,426485,3939248,1,0,CLRA,,,1,,,,,,,1,
L. Bobay,5/17/2016,6:06,2,Foot,Long Shoal River,83,,,1,0,CLRA,1,1,1,,1,1,1,,1,1,
L. Bobay,5/17/2016,6:06,2,Foot,Long Shoal River,83,,,1,0,VIRA,,1,,,,,,,,,
L. Bobay,5/17/2016,6:06,2,Foot,Long Shoal River,83,,,1,0,VIRA,,1,,,,,1,1,,,
L. Bobay,5/17/2016,6:06,2,Foot,Long Shoal River,83,,,1,0,CLRA,,,1,,,,,,,,
P. Taillie,6/4/2016,7:58,3,Foot,Long Shoal River,83,,,0,1,CLRA,,1,,,,,,,,1,
P. Taillie,6/4/2016,7:58,3,Foot,Long Shoal River,83,,,0,1,LEBI,,,,,,,,1,,,
P. Taillie,6/4/2016,7:58,3,Foot,Long Shoal River,83,,,0,1,CLRA,,1,,,,,,,,1,
P. Taillie,6/4/2016,7:58,3,Foot,Long Shoal River,83,,,0,1,LEBI,,,,,,,,1,,,Distant visual
C. Bland,4/19/2016,7:05,1,Foot,Long Shoal River,84,425754,3938896,1,1,AMBI,,,,,,1,,1,,1,
C. Bland,5/25/2016,6:49,2,Foot,Long Shoal River,84,425762,3938893,1,0,CLRA,1,1,1,,1,1,1,1,,,
C. Bland,5/25/2016,6:49,2,Foot,Long Shoal River,84,425762,3938893,1,0,CLRA,,1,,,1,,,1,,,
C. Bland,5/25/2016,6:49,2,Foot,Long Shoal River,84,425762,3938893,1,0,KCLR,,,1,,,,1,1,,,
C. Bland,4/19/2016,6:26,1,Foot,Long Shoal River,85,426415,3938757,1,1,CLRA,,1,1,1,1,1,,1,,,
C. Bland,4/19/2016,6:26,1,Foot,Long Shoal River,85,426415,3938757,1,1,CLRA,,,,1,,1,,,,1,
C. Bland,5/25/2016,6:02,2,Foot,Long Shoal River,85,426418,3938747,1,1,CLRA,1,1,,1,,1,1,1,1,1,
C. Bland,5/25/2016,6:02,2,Foot,Long Shoal River,85,426418,3938747,1,1,CLRA,,,,,1,1,,1,,1,
C. Bland,5/25/2016,6:02,2,Foot,Long Shoal River,85,426418,3938747,1,1,VIRA,,,,,,,,,1,,
P. Taillie,4/15/2016,7:45,1,Foot,Mashoes,86,,,4,0,NONE,,,,,,,,,,,
A. Bledsoe,5/17/2016,5:34,2,Foot,Mashoes,86,,,0,3,KIRA,,,1,1,,,1,,1,1,
A. Bledsoe,5/17/2016,5:34,2,Foot,Mashoes,86,,,0,3,KIRA,,,,,,,,,1,,
A. Bledsoe,5/17/2016,5:34,2,Foot,Mashoes,86,,,0,3,KIRA,,,,,,,,,1,,
A. Bledsoe,6/16/2016,7:08,3,Foot,Mashoes,86,,,3,1,NONE,,,,,,,,,,,
C. Bland,4/27/2016,6:43,1,Foot,ICW,87,388997,3939984,3,3,VIRA,,,,,,,,,1,1,
C. Bland,6/17/2016,8:04,2,Foot,ICW,87,388997,3939984,1,2,VIRA,,,,,,,,,,1,
C. Bland,5/4/2016,6:09,1,Foot,Swan Quarter West,89,371113,3924946,0,2,NONE,,,,,,,,,,,
C. Bland,5/9/2016,8:03,1,Foot,Swan Quarter West,91,370828,3924343,0,2,CLRA,,,1,,1,,,,1,1,
C. Bland,5/4/2016,6:55,1,Foot,Swan Quarter West,92,371577,3924247,1,0,CLRA,1,1,1,1,1,1,1,,,1,
C. Bland,5/4/2016,6:55,1,Foot,Swan Quarter West,92,371577,3924247,1,0,CLRA,,,,,,1,,,1,,
C. Bland,6/4/2016,8:03,2,Foot,Swan Quarter West,92,371562,3924230,1,1,KCLR,,,,,,,,,1,1,
C. Bland,5/9/2016,6:55,1,Foot,Swan Quarter West,93,372310,3924577,1,3,VIRA,,,,1,,,1,1,1,,
C. Bland,6/4/2016,7:19,2,Foot,Swan Quarter West,93,372306,3924577,1,0,VIRA,1,,1,,1,,,,1,,
C. Bland,6/4/2016,7:19,2,Foot,Swan Quarter West,93,372306,3924577,1,0,VIRA,,,,,,,,1,1,,
C. Bland,4/29/2016,8:12,1,Foot,Juniper Bay,98,389684,3917854,3,0,NONE,,,,,,,,,,,
C. Bland,5/26/2016,6:27,2,Foot,Juniper Bay,98,389686,3917847,1,1,LEBI,,1,1,1,1,,1,1,,1,
C. Bland,5/26/2016,6:27,2,Foot,Juniper Bay,98,389686,3917847,1,1,KCLR,,,,,,,1,,1,,
C. Bland,6/13/2016,5:59,3,Foot,Juniper Bay,98,389683,3917949,2,0,LEBI,,,,1,,,,,,,
C. Bland,4/29/2016,7:45,1,Foot,Juniper Bay,99,389284,3918710,3,0,KCLR,,,,1,,,,,1,1,
C. Bland,5/26/2016,7:38,2,Foot,Juniper Bay,99,389301,3918707,3,0,NONE,,,,,,,,,,,
C. Bland,6/13/2016,7:36,3,Foot,Juniper Bay,99,389282,3918707,2,0,KCLR,,,,,,,,,1,,FAR
C. Bland,4/29/2016,7:05,1,Foot,Juniper Bay,100,389295,3918086,2,0,NONE,,,,,,,,,,,
C. Bland,5/26/2016,7:03,2,Foot,Juniper Bay,100,389295,3918077,2,0,LEBI,,1,1,1,1,1,,,1,,
C. Bland,5/26/2016,7:03,2,Foot,Juniper Bay,100,389295,3918077,2,0,VIRA,,1,,1,1,1,1,1,,1,
C. Bland,6/13/2016,8:18,3,Foot,Juniper Bay,100,389304,3918068,3,0,NONE,,,,,,,,,,,
C. Bland,4/29/2016,6:30,1,Foot,Juniper Bay,101,388839,3917868,0,0,KCLR,1,1,,1,1,1,1,1,1,,
C. Bland,4/29/2016,6:30,1,Foot,Juniper Bay,101,388839,3917868,0,0,KCLR,,,,,,,1,,1,1,
C. Bland,5/26/2016,8:27,2,Foot,Juniper Bay,101,388735,3917767,2,0,NONE,,,,,,,,,,,
C. Bland,6/13/2016,6:38,3,Foot,Juniper Bay,101,388839,3917868,2,0,NONE,,,,,,,,,,,
A. Bledsoe,5/24/2016,6:15,1,Foot,Swan Quarter,107,,,2,3,LEBI,,1,,,,,,,,,
A. Bledsoe,5/24/2016,6:15,1,Foot,Swan Quarter,107,,,2,3,CLRA,1,,,,,1,,,,1,
A. Bledsoe,5/24/2016,6:15,1,Foot,Swan Quarter,107,,,2,3,VIRA,,,,,,,,1,,,
C. Bland,5/9/2016,7:33,1,Foot,Swan Quarter West,108,372414,3923475,1,0,VIRA,,,1,1,,1,,1,1,1,
C. Bland,5/9/2016,7:33,1,Foot,Swan Quarter West,108,372414,3923475,1,0,CLRA,,,,,1,,, ,1,,
C. Bland,5/9/2016,7:33,1,Foot,Swan Quarter West,108,372414,3923475,1,0,VIRA,,,,,,1,,1,,,
C. Bland,6/1/2016,7:38,2,Foot,Swan Quarter West,108,372414,3923475,2,2,VIRA,,,,,1,,,1,,,
C. Bland,5/4/2016,7:20,1,Foot,Swan Quarter West,109,371966,3923573,0,0,CLRA,,,,1,,,1,,1,1,
C. Bland,6/1/2016,6:56,2,Foot,Swan Quarter West,109,,,2,2,LEBI,1,,,,,,,1,,1,
C. Bland,6/1/2016,6:56,2,Foot,Swan Quarter West,109,,,2,2,VIRA,,,,,,,,1,1,,
P. Taillie,5/4/2016,7:18,1,Foot,Gull Rock,111,,,2,1,CLRA,,,,,,,,,1,,
C. Bland,5/16/2016,6:38,2,Foot,Gull Rock,111,397638,3913331,1,0,LEBI,1,1,,,1,,,1,,1,
C. Bland,5/16/2016,6:38,2,Foot,Gull Rock,111,397638,3913331,1,0,CLRA,,,,,1,,,1,,1,
C. Bland,4/25/2016,7:24,1,Foot,Gull Rock,112,400471,3914111,1,0,CLRA,1,,1,1,1,,1,,,1,
C. Bland,4/25/2016,7:24,1,Foot,Gull Rock,112,400471,3914111,1,0,CLRA,,,,,,,,1,1,1,
A. Bledsoe,5/16/2016,6:50,2,Foot,Gull Rock,112,,,1,2,KCLR,,1,,,,,,,,,
A. Bledsoe,5/16/2016,6:50,2,Foot,Gull Rock,112,,,1,2,KCLR,,,1,1,,,,,1,1,
C. Bland,6/3/2016,7:17,3,Foot,Gull Rock,112,,,1,0,KCLR,,,,,,,1,,1,1,
C. Bland,5/11/2016,6:07,1, Foot,Manns Harbor,113,431039,3970514,0,2,KCLR,,,,1,1,,,,1,,
C. Bland,5/28/2016,8:07,2,Foot,Manns Harbor,113,431039,3970514,1,2,NONE,,,,,,,,,,,
A. Bledsoe,6/8/2016,5:51,3,Foot,Manns Harbor,113,,,3,1,NONE,,,,,,,,,,,
C. Bland,5/11/2016,8:06,1,Foot,Manns Harbor,114,431307,3970005,3,2,KCLR,,,,,,,,1,,,
C. Bland,5/28/2016,7:25,2,Foot,Manns Harbor,114,431307,3970000,1,2,LEBI,,,1,1,1,1,,,1,,
A. Bledsoe,6/8/2016,6:23,3,Foot,Manns Harbor,114,431318,3969998,3,1,NONE,,,,,,,,,,,
C. Bland,5/11/2016,7:28,1,Foot,Manns Harbor,115,430644,3970241,2,3,VIRA,,,1,,,,,,,1,
C. Bland,5/28/2016,6:45,2,Foot,Manns Harbor,115,430664,3970253,0,3,NONE,,,,,,,,,,,
A. Bledsoe,6/8/2016,7:00,3,Foot,Manns Harbor,115,430662,3970254,3,1,NONE,,,,,,,,,,,
C. Bland,5/11/2016,6:58,1,Foot,Manns Harbor,117,430180,3970129,1,3,NONE,,,,,,,,,,,
C. Bland,5/28/2016,6:10,2,Foot,Manns Harbor,117,430188,3970122,0,3,KCLR,,,,1,,,,,1,1,
C. Bland,5/28/2016,6:10,2,Foot,Manns Harbor,117,430188,3970122,0,3,KCLR,,,,,,,,,1,1,
A. Bledsoe,6/8/2016,7:30,3,Foot,Manns Harbor,117,430186,3970123,2,1,LEBI,,1,,,,1,,,,,
C. Bland,5/12/2016,6:30,1,Foot,Pungo River,118,363688,3938257,1,2,NONE,,,,,,,,,,,
C. Bland,6/20/2016,8:18,2,Foot,Pungo River,118,363688,3938257,1,1,KCLR,1,1,,,1,,,1,1,1,
C. Bland,5/12/2016,7:11,1,Foot,Pungo River,119,364117,3938453,1,2,NONE,,,,,,,,,,,
C. Bland,6/20/2016,7:47,2,Foot,Pungo River,119,364117,3938453,2,1,LEBI,,1,,,,1,,,,,
C. Bland,5/12/2016,8:30,1,Foot,Pungo River,120,,,2,3,NONE,,,,,,,,,,,
C. Bland,6/20/2016,6:03,2,Foot,Pungo River,120,364132,3937980,1,2,NONE,,,,,,,,,,,
C. Bland,5/12/2016,7:47,1,Foot,Pungo River,121,364586,3938647,1,2,NONE,,,,,,,,,,,
C. Bland,6/20/2016,7:29,2,Foot,Pungo River,121,364587,3938679,1,2,NONE,,,,,,,,,,,
C. Bland,6/20/2016,6:52,1,Foot,Pungo River,122,364666,3938199,1,2,NONE,,,,,,,,,,,
C. Bland,5/13/2016,8:30,1,Foot,Pungo River,123,364845,3937147,2,2,NONE,,,,,,,,,,,
L. Bobay,6/20/2016,8:10,2,Foot,Pungo River,123,,,1,2,KCLR,,,,,1,,,,1,,
L. Bobay,6/20/2016,8:10,2,Foot,Pungo River,123,,,1,2,KCLR,,,,,1,,,,,,
L. Bobay,6/20/2016,8:10,2,Foot,Pungo River,123,,,1,2,LEBI,,,,,,,,,1,1,
C. Bland,5/13/2016,7:45,1,Foot,Pungo River,124,365374,3937577,2,3,KCLR,,,,,,,,1,1,,
C. Bland,5/13/2016,7:45,1,Foot,Pungo River,124,365374,3937577,2,3,KCLR,,,,,,,,,1,,
L. Bobay,6/20/2016,7:31,2,Foot,Pungo River,124,,,2,2,KCLR,,,,,,,,,1,,
L. Bobay,6/20/2016,7:31,2,Foot,Pungo River,124,,,2,2,CLRA,,,,,,,,,,1,"Weird vocal, unsure of ID"
C. Bland,5/13/2016,6:45,1,Foot,Pungo River,125,364745,3936353,1,1,VIRA,,,1,,,,,1,1,,
C. Bland,5/13/2016,6:45,1,Foot,Pungo River,125,364745,3936353,1,1,VIRA,,,,,,,,1,1,,
C. Bland,5/13/2016,6:45,1,Foot,Pungo River,125,364745,3936353,1,1,KCLR,,,,,,,,,,1,
A. Bledsoe,6/20/2016,6:36,2,Foot,Pungo River,125,364740,3936349,0,2,LEBI,,,,1,,,,,,,
A. Bledsoe,6/20/2016,6:36,2,Foot,Pungo River,125,364740,3936349,0,2,KIRA,,,,,,1,,1,1,,
A. Bledsoe,6/20/2016,6:36,2,Foot,Pungo River,125,364740,3936349,0,2,KIRA,,,,,,,,,1,,
C. Bland,5/6/2016,7:30,1,Foot,Cedar Island,126,374725,3866052,3,1,VIRA,,,,,,,,1,1,,
C. Bland,5/6/2016,7:30,1,Foot,Cedar Island,126,374725,3866052,3,1,VIRA,,,,,,,,,1,1,
C. Bland,5/19/2016,6:47,2,Foot,Cedar Island,126,374743,3866049,2,2,LEBI,1,1,1,1,1,1,1,1,1,1,
C. Bland,5/19/2016,6:47,2,Foot,Cedar Island,126,374743,3866049,2,2,VIRA,,,,,1,1,,1,,,
C. Bland,5/19/2016,6:47,2,Foot,Cedar Island,126,374743,3866049,2,2,VIRA,,,,,,,,1,1,,
C. Bland,5/6/2016,6:27,1,Foot,Cedar Island,127,374010,3866045,2,0,CLRA,,1,1,1,,,1,1,1,1,
C. Bland,5/6/2016,6:27,1,Foot,Cedar Island,127,374010,3866045,2,0,VIRA,,,1,,,,1,1,,1,
C. Bland,5/6/2016,6:27,1,Foot,Cedar Island,127,374010,3866045,2,0,VIRA,,,1,,1,1,1,1,,,
C. Bland,5/19/2016,7:25,2,Foot,Cedar Island,127,374012,3866040,3,3,VIRA,,,,1,,,1,1,1,,
C. Bland,5/19/2016,7:25,2,Foot,Cedar Island,127,374012,3866040,3,3,CLRA,,,,,1,,1,1,,1,
C. Bland,5/19/2016,7:25,2,Foot,Cedar Island,127,374012,3866040,3,3,VIRA,,,,,,1,1,1,,,
C. Bland,5/19/2016,7:25,2,Foot,Cedar Island,127,374012,3866040,3,3,VIRA,,,,,,,,1,,1,
C. Bland,5/6/2016,6:59,1,Foot,Cedar Island,128,373584,3866520,2,0,KCLR,,1,,1,,,,1, ,,
C. Bland,5/6/2016,6:59,1,Foot,Cedar Island,128,373584,3866520,2,0,CLRA,,,,1,,,1,,1,,
C. Bland,5/19/2016,8:06,2,Foot,Cedar Island,128,373575,3866500,3,1,CLRA,,,,,1,1,, ,,1,
C. Bland,5/19/2016,8:06,2,Foot,Cedar Island,128,373575,3866500,3,1,VIRA,,,,,,,,1,,1,
C. Bland,5/19/2016,6:02,1,Foot,Cedar Island,129,375082,3865684,1,3,VIRA,,,,,,,,1,,1, 
C. Bland,5/19/2016,6:02,1,Foot,Cedar Island,129,375082,3865684,1,3,CLRA,,,,,,,,1,1,,
C. Bland,5/19/2016,6:02,1,Foot,Cedar Island,129,375082,3865684,1,3,VIRA,,,,,,,,,1,,
C. Bland,6/18/2016,6:27,2,Foot,Cedar Island,129,375082,3865684,4,2,VIRA,,,,,,,,,1,,
L. Bobay,5/12/2016,5:34,1,Foot,Whipping Creek,130,,,1,1,KCLR,,,,,,,,,1,,"Veg not entered, Paul has data"
L. Bobay,5/12/2016,5:34,1,Foot,Whipping Creek,130,,,1,1,KCLR,,,,,,,,,,1,
A. Bledsoe,5/25/2016,5:34,2,Foot,Whipping Creek,130,422066,3943743,0,2,VIRA,,,,1,,1,1,1,1,1,
A. Bledsoe,5/25/2016,5:34,2,Foot,Whipping Creek,130,422066,3943743,0,2,VIRA,,,,,,1,,1,,,
A. Bledsoe,6/14/2016,6:06,3,Foot,Whipping Creek,130,422066,3943743,0,2,VIRA,,,,1,,,,,,,
A. Bledsoe,6/14/2016,6:06,3,Foot,Whipping Creek,130,422066,3943743,0,2,VIRA,,,,,,,1,1,1,1,
L. Bobay,5/12/2016,6:11,1,Foot,Whipping Creek,131,,,1,1,LEBI,,,,,1,,,,,,
L. Bobay,5/12/2016,6:11,1,Foot,Whipping Creek,131,,,1,1,VIRA,,,,,1,1,1,1,1,,
L. Bobay,5/12/2016,6:11,1,Foot,Whipping Creek,131,,,1,1,VIRA,,,,,,1,1,1,,,
L. Bobay,5/12/2016,6:11,1,Foot,Whipping Creek,131,,,1,1,KCLR,,,,,,1,,,1,,
L. Bobay,5/12/2016,6:11,1,Foot,Whipping Creek,131,,,1,1,VIRA,,,,,,,1,1,1,1,
L. Bobay,5/12/2016,6:11,1,Foot,Whipping Creek,131,,,1,1,VIRA,,,,,,,,1,,,
L. Bobay,5/12/2016,6:11,1,Foot,Whipping Creek,131,,,1,1,VIRA,,,,,,,,1,,,
L. Bobay,5/12/2016,6:11,1,Foot,Whipping Creek,131,,,1,1,KCLR,,,,,,,,,1,,
A. Bledsoe,5/25/2016,6:06,2,Foot,Whipping Creek,131,421866,3943314,0,2,KCLR,,,,,,1,1,,1,,
A. Bledsoe,5/25/2016,6:06,2,Foot,Whipping Creek,131,421866,3943314,0,2,KCLR,,,,,,,1,,,,
A. Bledsoe,5/25/2016,6:06,2,Foot,Whipping Creek,131,421866,3943314,0,2,VIRA,,,,,,,1,,,,
A. Bledsoe,5/25/2016,6:06,2,Foot,Whipping Creek,131,421866,3943314,0,2,LEBI,,,,,,,1,,1,1,
A. Bledsoe,5/25/2016,6:06,2,Foot,Whipping Creek,131,421866,3943314,0,2,VIRA,,,,,,,,1,1,,
A. Bledsoe,5/25/2016,6:06,2,Foot,Whipping Creek,131,421866,3943314,0,2,VIRA,,,,,,,,1,,,
A. Bledsoe,6/14/2016,6:32,3,Foot,Whipping Creek,131,421865,3943315,1,1,CLRA,,1,,,,,,,,,
A. Bledsoe,6/14/2016,6:32,3,Foot,Whipping Creek,131,421865,3943315,1,1,VIRA,,,,,,,1,,,,
A. Bledsoe,6/14/2016,6:32,3,Foot,Whipping Creek,131,421865,3943315,1,1,VIRA,,,,,,,1,1,1,1,
A. Bledsoe,6/14/2016,6:32,3,Foot,Whipping Creek,131,421865,3943315,1,1,VIRA,,,,,,,,1,,,
A. Bledsoe,6/14/2016,6:32,3,Foot,Whipping Creek,131,421865,3943315,1,1,CLRA,,,,,,,,,,1,
L. Bobay,5/12/2016,6:58,1,Foot,Whipping Creek,132,,,3,0,KCLR,1,,1,1,,1,,,1,,
L. Bobay,5/12/2016,6:58,1,Foot,Whipping Creek,132,,,3,0,VIRA,,1,,,,,1,1,,,
L. Bobay,5/12/2016,6:58,1,Foot,Whipping Creek,132,,,3,0,KCLR,,,,,1,,,,,,
L. Bobay,5/12/2016,6:58,1,Foot,Whipping Creek,132,,,3,0,SORA,,,,,,,1,,,,
L. Bobay,5/12/2016,6:58,1,Foot,Whipping Creek,132,,,3,0,VIRA,,,,,,,,,1,,
A. Bledsoe,5/25/2016,6:55,2,Foot,Whipping Creek,132,421314,3943610,1,2,CLRA,1,1,1,1,,,1,1,,1,
A. Bledsoe,6/14/2016,7:22,3,Foot,Whipping Creek,132,421319,3943609,1,1,VIRA,,,,,,,,,,1,
L. Bobay,5/12/2016,6:34,1,Foot,Whipping Creek,133,,,2,0,CLRA,1,,,,,,,,,,
L. Bobay,5/12/2016,6:34,1,Foot,Whipping Creek,133,,,2,0,VIRA,,1,1,1,,1,,1,,1,
L. Bobay,5/12/2016,6:34,1,Foot,Whipping Creek,133,,,2,0,KCLR,,1,,,,,,,,,
L. Bobay,5/12/2016,6:34,1,Foot,Whipping Creek,133,,,2,0,SORA,,,,,1,,,,,,
L. Bobay,5/12/2016,6:34,1,Foot,Whipping Creek,133,,,2,0,VIRA,,,,,,,,,,1,
A. Bledsoe,5/25/2016,6:32,2,Foot,Whipping Creek,133,421432,3943169,1,2,CLRA,,1,,,,,1,,,,
A. Bledsoe,5/25/2016,6:32,2,Foot,Whipping Creek,133,421432,3943169,1,2,CLRA,,,,,,,1,,,,
A. Bledsoe,6/14/2016,6:58,3,Foot,Whipping Creek,133,421431,3943169,1,1,KCLR,,,,,,1,,,,,
A. Bledsoe,6/14/2016,6:58,3,Foot,Whipping Creek,133,421431,3943169,1,1,VIRA,,,,,,,,1,,,
C. Bland,5/22/2016,6:07,1,Foot,Cedar Island,134,380028,3868839,1,3,VIRA,1,,,1,,1,1,,1,,
C. Bland,5/22/2016,6:07,1,Foot,Cedar Island,134,380028,3868839,1,3,VIRA,,,,,,1,,1,1,,
C. Bland,6/19/2016,7:33,2,Foot,Cedar Island,134,380347,3868349,3,0,CLRA,,,,,,,1,,1,1,
C. Bland,5/22/2016,6:56,1,Foot,Cedar Island,135,380347,3868349,2,1,LEBI,1,,1,1,1,1,1,,1,1,
C. Bland,5/22/2016,6:56,1,Foot,Cedar Island,135,380347,3868349,2,1,CLRA,1,,,1,,,1,,1,1,
C. Bland,6/19/2016,8:05,2,Foot,Cedar Island,135,380028,3868839,4,0,VIRA,,,,,,,1,,1,,
C. Bland,6/26/2016,7:04,3,Foot,Point Peter Road,67,432797,3959007,4,0,NONE,,,,,,,,,,,
C. Bland,6/26/2016,8:17,3,Foot,Point Peter Road,68,433015,3959457,4,0,NONE,,,,,,,,,,,
A. Bledsoe,6/27/2016,6:32,2,Foot,Swanquarter West,89,371115,3924936,0,2,NONE,,,,,,,,,,,
A. Bledsoe,6/27/2016,7:01,2,Foot,Swanquarter West,91,,,0,1,LEBI,,,,,1,,,,,,
A. Bledsoe,6/27/2016,7:01,2,Foot,Swanquarter West,91,,,0,1,LEBI,,,,,1,1,,,1,1,
A. Bledsoe,6/27/2016,7:50,3,Foot,Swanquarter West,109,371925,3923577,0,1,LEBI,1,1,1,1,1,1,1,1,1,1,LEBI sat on nearby phrag for whole survey
