Observer,Date,Year,Visit,Property,PointID,Salinity,Herb_hits,Herb_height,Woody_hits,Woody_height,Bare,Wrack,Tree,Snag,Juncus,Cladium,Typha,SpartinaPatens,Phragmites,Scirpus,Distichlis ,Andropogon,Shrub/Woody,SpartinaAlternaflora,Notes,,,, 
C. Bland,4/25/2016,2016,1,Gull Rock,1,9,6.7,1.14,0,0,3,0,0,0,10,,,,,,,,,,,,,,
C. Bland,5/16/2016,2016,2,Gull Rock,1,10.4,5.2,0.79,0,0,3,0,0,0,3,,,2,,4,1,,,,,,,,
A. Bledsoe,6/3/2016,2016,3,Gull Rock,1,4.4,7.7,1.12,0,0,0,2,0,0,6,,,,,4,,,,,,,,,
C. Bland,4/25/2016,2016,1,Gull Rock,2,2.7,8,1.1,0,0,1,1,0,0,10,,,,,,,,,,,,,,
A. Bledsoe,5/16/2016,2016,2,Gull Rock,2,3.2,11.6,1.44,0,0,0,6,0,0,10,,,,,,,,,,,,,,
A. Bledsoe,5/27/2016,2016,3,Gull Rock,2,,3.7,1.4,0,0,1,6,0,0,10,,,,,,,,,,,,,,
P. Taillie,4/25/2016,2016,1,Gull Rock,4,12,2.2,0.51,0,0,3,0,0,0,,,,10,,,,,,,,,,,
C. Bland,5/15/2016,2016,2,Gull Rock,4,,3.1,0.72,0,0,3,0,0,8,4,,,5,,1,,,,,,,,,
A. Bledsoe,6/3/2016,2016,3,Gull Rock,4,,1,0.36,0,0,5,0,0,0,1,,,,,,9,,,,,,,,
P. Taillie,5/4/2016,2016,1,Gull Rock,5,8.1,3.4,0.61,0,0,2,0,0,0,,,,,,,,,,10,,,,,
C. Bland,5/16/2016,2016,2,Gull Rock,5,12.5,7,0.78,0,0,1,0,0,0,5,,,,,5,,,,,,,,,
A. Bledsoe,5/27/2016,2016,3,Gull Rock,5,,8.4,1.18,0,0,0,0,0,0,9,,1,,,,,,,,,,,,
C. Bland,5/15/2016,2016,2,Gull Rock,6,,7.1,0.87,0,0,1,0,0,7,2,,,,,8,,,,,,,,,
A. Bledsoe,6/3/2016,2016,3,Gull Rock,6,,6.7,1.17,0,0,1,1,0,0,6,,,,,4,,,,,,,,,
P. Taillie,4/25/2016,2016,1,Gull Rock,8,2.6,8.1,1.67,0.3,1.9,1,5,4,6,,6,,,4,,,,,,,,,,
A. Bledsoe,6/3/2016,2016,3,Gull Rock,8,,9.6,1.88,0.5,2.5,1,,5,7,,10,,,,,,,,,,,,,
L. Bobay,5/11/2016,2016,1,Swan Quarter,9,,5.9,0.83,0.8,2.17,0,0,4,7,4,,,2,,,,,4,,,,,,
C. Bland,6/15/2016,2016,2,Swanquarter,9,1.1,10.1,1.14,0,0,0,6,0,0,10,,,,,,,,,,,,,,
L. Bobay,5/10/2016,2016,1,Swan Quarter,10,5.7,8.5,1.2,0,0,0,1,0,1,5,3,,1,,,1,,,,,,,,
A. Bledsoe,6/15/2016,2016,2,Swanquarter,10,2.1,8.1,1.23,0.1,1.3,0,1,0,0,1,8,,1,,,,,,,,,,,
L. Bobay,6/25/2016,2016,3,Swanquarter,10,,6,1.37,1.1,1.43,0,2,0,0,,10,,,,,,,,,,,,,
L. Bobay,5/11/2016,2016,1,Swan Quarter,11,,7.4,1.13,0,0,1,1,0,0,,10,,,,,,,,,,,,,
A. Bledsoe,6/15/2016,2016,2,Swanquarter,11,1.4,5.9,1.24,0,0,2,5,0,0,,10,,,,,,,,,,,,,
L. Bobay,25-Jun,2016,3,Swanquarter,11,,3.9,1.14,0,0,1,2,0,0,,6,,,4,,,,,,,,,,
A. Bledsoe,5/24/2016,2016,1,Swan Quarter,12,,11.7,1.36,0.8,1.933333333,0,0,2,12,,8,,,,,,,,,,,,,
C. Bland,6/15/2016,2016,2,Swanquarter,12,2.1,9.5,1.12,1.2,1,0,3,0,2,,7,,,,,,,3,,,,,,
L. Bobay,5/10/2016,2016,1,Swan Quarter,13,2.3,9.8,1.4,0.2,1.15,0,4,0,2,,10,,,,,,,,,,,,,
L. Bobay,6/25/2016,2016,2,Swanquarter,13,,7.1,1.65,0.2,1.75,0,1,0,1,,10,,,,,,,,,,,,,
A. Bledsoe,5/24/2016,2016,1,Swan Quarter,14,,3.6,1.49,1.2,1.833333333,2,0,34,43,,5,,,,,,,,,In swamp-like area; Many downed logs,,,,
C. Bland,6/15/2016,2016,2,Swanquarter,14,1.6,7.4,1.05,1.4,0.666666667,2,2,5,4,,8,,1,,,,,1,,,,,,
L. Bobay,5/11/2016,2016,1,Swan Quarter,15,,6.2,1.02,0.1,2,0,2,0,4,,10,,,,,,,,,,,,,
A. Bledsoe,6/15/2016,2016,2,Swanquarter,15,1.4,7.7,1.29,0.2,1.4,0,0,0,6,,10,,,,,,,,,,,,,
P. Taillie,5/10/2016,2016,1,Swan Quarter,16,7.2,1.4,0.67,0,0,8,0,0,0,5,2,,,,,3,,,,,,,,
A. Bledsoe,6/15/2016,2016,2,Swanquarter,16,2.5,4.6,0.94,0,0,1,0,0,0,2,5,1,2,,,,,,,,,,,
L. Bobay,6/25/2016,2016,3,Swanquarter,16,,3,0.92,0,0,5,0,0,3,,7,,,,,3,,,,,,,,
A. Bledsoe,5/16/2016,2016,1,Gull Rock,19,2.2,10.1,1.53,1,1,1,0,0,0,4,6,,,,,,,,,,,,,
C. Bland,6/3/2016,2016,2,Gull Rock,19,1,8.3,1.09,0,0,1,0,0,0,4,3,,,,3,,,,,,,,,
C. Bland,4/17/2016,2016,1,Pamlico Road,25,,2.6,0.4,3,0.3,0,2,4,4,,,,4,6,,,,,,veg needs to be verified,,,,
A. Bledsoe,6/24/2016,2016,2,Pamlico Road,25,,4.1,1.07,0,0,0,0,0,4,,,5,,,3,2,,,,Point moved about 30 meters away (out of forest),,,,
C. Bland,4/18/2016,2016,1,Pamlico Road,28,,3.4,0.5,2,0.2,3,0,0,2,,4,,6, ,,,,,,veg needs to be verified,,,,
C. Bland,5/23/2016,2016,2,Pamlico Road,28,3.5,6.6,0.85,0.3,0.3,1,0,0,0,,,,4,,5,,,1,,,,,,
A. Bledsoe,6/24/2016,2016,3,Pamlico Road,28,,6,1.14,0,0,0,0,0,0,,,,,,10,,,,,,,,,
C. Bland,4/19/2016,2016,1,Long Shoal River,29,,6.9,1,6,1.1,2,0,1,1,5,5,,,,,,,,,,,,,
C. Bland,5/24/2016,2016,2,Long Shoal River,29,,6.3,1.1,0,0,4,0,0,0,5,3,,2,,,,,,,,,,,
A. Bledsoe,5/23/2016,2016,1,Pamlico Road,30,,1.5,0.74,0.1,2,2,0,0,27,,,,,,4,,,,,In burned forested area,,,,
A. Bledsoe,6/6/2016,2016,2,Pamlico Road,30,,2.7,0.61,0,0,1,0,0,13,,,,,,3,1,,,,,,,,
C. Bland,4/19/2016,2016,1,Long Shoal River,33,,6.1,1.12,0,0,4,0,0,0,,10,,,,,,,,,,,,,
C. Bland,5/24/2016,2016,2,Long Shoal River,33,2.6,7.3,1.01,0,0,2,0,0,1,,7,,1,,,2,,,,,,,,
C. Bland,4/18/2016,2016,1,Pamlico Road,34,,1.5,0.35,0,0,6,0,0,0,,,,3, ,3,4,,,, ,,,,
C. Bland,5/23/2016,2016,2,Pamlico Road,34,5.1,1.4,0.37,0.2,0.2,6,0,0,0,,,,3,,3,4,,,,,,,,
A. Bledsoe,6/24/2016,2016,3,Pamlico Road,34,,2.6,0.81,0,0,3,0,0,0,,,,,,10,,,,,,,,,
C. Bland,4/18/2016,2016,1,Pamlico Road,35,,3.3,0.3,0,0,0,0,0,0,,,,10,,,,,,,,,,,
A. Bledsoe,5/23/2016,2016,2,Pamlico Road,35,,2.3,0.25,0,0,0,0,0,0,,,,,,,10,,,,,,,,
A. Bledsoe,6/6/2016,2016,3,Pamlico Road,35,,2,0.31,0,0,0,0,0,0,,,,1,,,9,,,,,,,,
C. Bland,4/17/2016,2016,1,Pamlico Road,36,,2.2,0.46,0,0,5,0,0,0,, , , ,,2,8,,,, ,,,,
A. Bledsoe,5/23/2016,2016,2,Pamlico Road,36,,1.9,0.38,0,0,2,0,0,1,,,,,,3,7,,,,,,,,
A. Bledsoe,6/6/2016,2016,3,Pamlico Road,36,,1.8,0.65,0,0,2,0,0,0,,,,,,10,,,,,,,,,
C. Bland,4/30/2016,2016,1,Mashoes,37,1.6,7.7,1.59,0.6,1.4,2,1,6,6,,10,,,,,,,,,,,,,
C. Bland,6/16/2016,2016,2,Mashoes,37,0.4,10.9,1.28,0.7,0.533333333,0,3,3,3,,9,,,,,,,1,,,,,,
A. Bledsoe,5/31/2016,2016,2,Manns Harbor,38,0.4,11.7,1.51,0.5,2.066666667,0,0,0,0,,10,,,,,,,,,,,,,
P. Taillie,4/15/2016,2016,1,Mashoes,38,,8,1.2,1.1,1.99,1,,,0,,9,,,,,,,1,, ,,,,
C. Bland,6/16/2016,2016,3,Mashoes,38,0.4,11.4,1.2,1.1,0.725,0,5,1,0,,8,,,,,,,2,,,,,,
C. Bland,4/30/2016,2016,1,Mashoes,39,1.3,10.6,2,0.9,1.65,2,0,8,5,,,,,5,,,,5,,,,,,
C. Bland,6/16/2016,2016,2,Mashoes,39,0.8,11,1.42,0.8,0.5,0,1,1,2,,4,,,4,,,,2,,,,,,
C. Bland,4/30/2016,2016,1,Mashoes,40,0.9,10.2,1.47,0.5,1.5,0,2,6,3,,10,,,,,,,,,,,,,
C. Bland,6/16/2016,2016,2,Mashoes,40,0.4,10.3,1.18,1.1,0.733333333,0,3,0,3,,9,,,,,,,1,,,,,,
A. Bledsoe,5/31/2016,2016,2,Manns Harbor,42,2.3,6.9,1.2,0.1,2.5,1,1,0,1,1,8,,,,1,,,,,,,,,
P. Taillie,4/15/2016,2016,1,Mashoes,42,4.5,12.1,1.13,0,0,1,2,0,3,5,3,,,,2,,,,, ,,,,
A. Bledsoe,6/16/2016,2016,3,Mashoes,42,2.5,10.4,1.55,0.8,1.64,0,0,2,5,,10,,,,,,,,,,,,,
C. Bland,4/21/2016,2016,1,Deep Bay Road,45,,6.4,1.45,4,0.5,4,0,7,6,,8,,,2,,,,,,,,,,
C. Bland,5/24/2016,2016,2,Deep Bay Road,45,0.3,9,1.33,0,0,1,0,0,0, ,8,,,2,,,,,,,,,,
C. Bland,6/6/2016,2016,3,Deep Bay Road,45,0.3,8.9,1.44,0,0,0,0,0,0,,6,,,4,,,,,,,,,,
C. Bland,4/21/2016,2016,1,Deep Bay Road,46,,8.9,1.16,0,0,1,0,7,8,,10,,,,,,,,,,,,,
C. Bland,5/24/2016,2016,2,Deep Bay Road,46,0.6,9.6,1.2,0.6,1.4,0,0,0,1,,8,2,,,,,,,,,,,,
C. Bland,6/6/2016,2016,3,Deep Bay Road,46,0.4,8.4,1.2,0.5,0.7,0,0,0,1,,9,1,,,,,,,,,,,,
C. Bland,4/21/2016,2016,1,Deep Bay Road,47,,7.1,1.2,1.6,0.75,1,2,8,3,,10,,,,,,,,,,,,,
C. Bland,5/24/2016,2016,2,Deep Bay Road,47,0.5,8.2,1.2,0.3,0.35,1,1,0,0,,10,,,,,,,,,,,,,
C. Bland,6/6/2016,2016,3,Deep Bay Road,47,0.3,8.7,1.16,0.9,0.766666667,0,0,3,6,,8,2,,,,,,,,,,,,
C. Bland,4/21/2016,2016,1,Deep Bay Road,48, ,7.5,1.16,0,0,1,1,4,4,,10,,,,,,,,,,,,,
C. Bland,5/24/2016,2016,2,Deep Bay Road,48,0.5,6,1.18,1,1.166666667,3,2,4,0,,8,,,,,,,2,,,,,,
C. Bland,6/6/2016,2016,3,Deep Bay Road,48,0.7,8.9,1.2,4,1,0,1,5,4,,8,,,,,,,2,,,,,,
C. Bland,4/27/2016,2016,1,ICW,56,2.6,6.5,1,0,0,3,0,7,6,,6,4,,,,,,,,,,,,
C. Bland,6/17/2016,2016,2,ICW,56,0.3,9.4,1.27,0.9,0.5,1,1,1,3,,,10,,,,,,,,,,,,
P. Taillie,4/27/2016,2016,1,ICW,57,2,6.2,1.56,0,0,3,0,0,0,,3,3,,4,,,,,,,,,,
C. Bland,5/31/2016,2016,2,ICW,57,0.9,7.4,1.06,0.8,0.95,0,1,0,0,,1,9,,,,,,,,,,,,
A. Bledsoe,6/17/2016,2016,3,ICW,57,0.2,7.4,1.46,0.1,2.5,0,0,1,0,,,10,,,,,,,,,,,,
P. Taillie,4/27/2016,2016,1,ICW,58,1.8,9.6,1.36,0.1,2,0,0,0,5,,1,9,,,,,,,,,,,,
C. Bland,5/31/2016,2016,2,ICW,58,1.1,8.1,1.18,0,0,2,0,2,3,,1,9,,,,,,,,,,,,
A. Bledsoe,6/17/2016,2016,3,ICW,58,0.4,9.3,1.62,0,0,0,0,0,15,,,10,,,,,,,,,,,,
P. Taillie,4/27/2016,2016,1,ICW,59,1.4,6.3,1.11,0.3,1.9,1,0,0,0,,1,8,,1,,,,,,,,,,
A. Bledsoe,6/17/2016,2016,2,ICW,59,0.3,6.4,1.51,0,0,0,0,0,2,,,10,,,,,,,,,,,,
C. Bland,4/27/2016,2016,1,ICW,60,2.8,5.7,1.04,0,0,0,2,5,2,,2,8,,,,,,,,,,,,
C. Bland,6/17/2016,2016,2,ICW,60,0.3,9.1,1.18,0,0,1,3,1,2,,,10,,,,,,,,,,,,
P. Taillie,4/27/2016,2016,1,ICW,61,,7.5,1.21,0.1,2.5,1,0,0,0,,3,7,,,,,,,,,,,,
C. Bland,5/31/2016,2016,2,ICW,61,1.1,6.7,1.21,0.2,0.3,1,0,0,0,,1,9,,,,,,,,,,,,
C. Bland,4/27/2016,2016,1,ICW,62,1.6,8.2,1.33,0,0,2,0,6,5,,,6,,4,,,,,,,,,,
P. Taillie,4/20/2016,2016,1,Point Peter Road,63,,3.5,1.5,5,1.15,0,0,0,4,,,,,,,,10,,,,,,,
C. Bland,5/27/2016,2016,2,Point Peter Road,63,0.2,5,0.76,2.1,0.54,1,0,2,5,,2,1,3,,,,3,1,,,,,,
C. Bland,6/12/2016,2016,3,Point Peter Road,63,0.3,5.8,0.73,1.1,1.1,2,3,2,2,,,,,,,,7,3,,,,,,
P. Taillie,4/20/2016,2016,1,Point Peter Road,65,,3.3,0.88,1.5,0.25,4,0,0,0,,1,2,2,,,,4,,,veg needs to be verified,,,,
C. Bland,5/27/2016,2016,2,Point Peter Road,65,0.7,5,0.73,0.4,0.25,3,0,1,5,,,,3,,,,,7,,,,,,
C. Bland,6/12/2016,2016,3,Point Peter Road,65,0.6,5.5,0.67,1.1,0.475,3,,,4,,,3,2,,,,5,,,,,,,
C. Bland,4/20/2016,2016,1,Point Peter Road,66,,5.9,0.57,0,0,0,3,9,4,,3,,7,,,,,,,,,,,
C. Bland,6/5/2016,2016,2,Point Peter Road,66,0.5,6.1,0.87,0,0,1,2,0,4,,4,,6,,,,,,,,,,,
C. Bland,6/5/2016,2016,2,Point Peter Road,66,0.5,6.1,0.87,0,0,1,2,0,4,,4,,6,,,,,,,,,,,
C. Bland,5/27/2016,2016,1,Point Peter Road,67,0.7,8.6,2,0.2,0.3,0,2,0,0,,,,,10,,,,,,,,,,
C. Bland,6/5/2016,2016,2,Point Peter Road,67,0.8,8.3,1.8,0,0,0,0,0,0,,,,,10,,,,,,,,,,
C. Bland,6/5/2016,2016,2,Point Peter Road,67,0.8,8.3,1.8,0,0,0,0,0,0,,,,,10,,,,,,,,,,
C. Bland,6/26/2016,2016,3,Point Peter Road,67,,8,1.7,0.1,0.2,1,1,0,0,,,,,10,,,,,,,,,,
C. Bland,5/27/2016,2016,1,Point Peter Road,68,2.9,9.4,1.5,0.3,1,0,0,0,0,,,,,9,,,,1,,,,,,
C. Bland,6/5/2016,2016,2,Point Peter Road,68,0.3,8.6,1.73,0.2,1,0,2,0,0,,,,1,9,,,,,,,,,,
C. Bland,6/5/2016,2016,2,Point Peter Road,68,0.3,8.6,1.73,0,0,0,2,0,0,,,,1,9,,,,,,,,,,
C. Bland,6/26/2016,2016,3,Point Peter Road,68,,8.2,1.5,0.2,1,0,0,0,0,,,,,9,,,,1,,,,,,
C. Bland,4/16/2016,2016,1,Roanoke Marsh,69,,8.1,1.04,0,0,1,0,0,0,,,,,,,,,,,,,,,
C. Bland,5/14/2016,2016,2,Roanoke Marsh,69,,4.7,0.91,0,0,2,1,,0,10,,,,,,,,,,,,,,
A. Bledsoe,6/1/2016,2016,3,Roanoke Marsh,69,3.1,7.4,1.06,0,0,0,0,0,0,10,,,,,,,,,,,,,,
C. Bland,4/16/2016,2016,1,Roanoke Marsh,70,,9.5,1.02,0,0,0,0,0,0,8,,,2,,,,,,,,,,,
C. Bland,5/14/2016,2016,2,Roanoke Marsh,70,9.6,9.4,1,0,0,0,0,0,0,10,,,,,,,,,,,,,,
A. Bledsoe,6/1/2016,2016,3,Roanoke Marsh,70,3.7,7.6,1.05,0,0,0,0,0,0,10,,,,,,,,,,,,,,
C. Bland,4/16/2016,2016,1,Roanoke Marsh,71,,6.5,1.1,0,0,3,0,0,0,10,,,,,,,,,,,,,,
C. Bland,5/14/2016,2016,2,Roanoke Marsh,71,,8.3,1.04,0,0,1,0,0,0,10,,,,,,,,,,,,,,
C. Bland,5/14/2016,2016,4,Roanoke Marsh,71,,8.3,1.04,0,0,1,0,0,0,10,,,,,,,,,,,,,,
A. Bledsoe,6/1/2016,2016,2,Roanoke Marsh,71,6.2,9,1.17,0,0,0,2,0,0,10,,,,,,,,,,,,,,
A. Bledsoe,6/10/2016,2016,3,Roanoke Marsh,71,6,7.6,1.11,0,0,0,2,0,0,10,,,,,,,,,,,,,,
C. Bland,4/16/2016,2016,1,Roanoke Marsh,72,13.2,9.1,1.03,0,0,1,0,0,0,10,,,,,,,,,,,,,,
L. Bobay,5/13/2016,2016,2,Roanoke Marsh,72,14.1,8,1.11,0,0,0,0,0,0,10,,,,,,,,,,,,,,
A. Bledsoe,6/10/2016,2016,3,Roanoke Marsh,72,4.3,9.3,1.22,0,0,0,7,0,0,10,,,,,,,,,,,,,,
P. Taillie,4/16/2016,2016,1,Roanoke Marsh,73,,11.7,1.21,0,0,0,0,0,0,10,,,,,,,,,,,,,,
L. Bobay,5/13/2016,2016,2,Roanoke Marsh,73,13.7,8,1.14,0,0,0,0,0,0,10,,,,,,,,,,,,,,
A. Bledsoe,6/10/2016,2016,3,Roanoke Marsh,73,6,8.8,1.16,0,0,0,0,0,0,10,,,,,,,,,,,,,,
A. Bledsoe,5/26/2016,2016,1,Roanoke Marsh,74,6.8,8.2,1.15,0,0,0,0,0,0,10,,,,,,,,,,,,,,
A. Bledsoe,6/1/2016,2016,2,Roanoke Marsh,74,5.9,8,1.16,0,0,0,0,0,0,10,,,,,,,,,,,,,,
A. Bledsoe,6/9/2016,2016,3,Roanoke Marsh,74,4.6,8.7,1.14,0,0,0,0,0,0,10,,,,,,,,,,,,,,
C. Bland,5/2/2016,2016,1,Roanoke Marsh,75,,2.4,0.4,0,0,2,0,0,0,10,,,,,,,,,,,,,,
A. Bledsoe,5/26/2016,2016,2,Roanoke Marsh,75,10.1,2.6,0.72,0,0,1,0,0,0,10,,,,,,,,,,,,,,
A. Bledsoe,6/9/2016,2016,3,Roanoke Marsh,75,5.5,0.49,0.87,0,0,0,0,0,0,10,,,,,,,,,,,,,,
C. Bland,5/2/2016,2016,1,Roanoke Marsh,76,,7.2,1.13,0,0,1,1,0,0,10,,,,,,,,,,,,,,
A. Bledsoe,5/26/2016,2016,2,Roanoke Marsh,76,8.9,7.9,1.33,0,0,0,3,0,0,10,,,,,,,,,,,,,,
A. Bledsoe,6/9/2016,2016,3,Roanoke Marsh,76,5.8,8.8,1.27,0,0,0,7,0,0,10,,,,,,,,,,,,,,
C. Bland,5/2/2016,2016,1,Roanoke Marsh,77,,7.1,1.25,0,0,2,1,0,0,10,,,,,,,,,,,,,,
A. Bledsoe,5/26/2016,2016,2,Roanoke Marsh,77,9.1,8.3,1.16,0,0,0,2,0,0,10,,,,,,,,,,,,,,
A. Bledsoe,6/9/2016,2016,3,Roanoke Marsh,77,5.1,9.5,1.26,0,0,0,2,0,0,10,,,,,,,,,,,,,,
P. Taillie,4/16/2016,2016,1,Roanoke Marsh,78,,10.4,1.19,0,0,1,0,0,0,10,,,,,,,,,,,,,,
L. Bobay,5/13/2016,2016,2,Roanoke Marsh,78,11.1,10.2,1.33,0,0,0,0,0,0,10,,,,,,,,,,,,,,
A. Bledsoe,6/10/2016,2016,3,Roanoke Marsh,78,5.7,11.1,1.32,0,0,0,4,0,0,10,,,,,,,,,,,,,,
A. Bledsoe,5/31/2016,2016,2,Manns Harbor,79,2.9,10,1.29,0,0,2,2,0,0,1,6,,,,3,,,,,,,,,
A. Bledsoe,5/17/2016,2016,1,Mashoes,79,2,6.2,1.21,0.7,1.9,0,2,1,1,3,6,,,,1,,,,,,,,,
A. Bledsoe,6/16/2016,2016,3,Mashoes,79,2,10.3,1.48,0.4,1.35,0,0,0,0,4,6,,,,,,,,,,,,,
A. Bledsoe,5/31/2016,2016,2,Manns Harbor,80,2.9,8.3,1.39,0,0,0,1,0,0,10,,,,,,,,,,,,,,
A. Bledsoe,5/17/2016,2016,1,Mashoes,80,2.6,9.8,1.46,0,0,2,0,0,0,6,3,,,1,,,,,,,,,,
A. Bledsoe,6/16/2016,2016,3,Mashoes,80,2,9.7,1.37,0,0,0,3,0,0,10,,,,,,,,,,,,,,
C. Bland,5/17/2016,2016,1,Long Shoal River,81,7.6,4.6,1.05,0,0,4,0,0,1,,4,,,2,2,2,,,,,,,,
P. Taillie,6/4/2016,2016,3,Long Shoal River,81,,11.7,1.39,0,0,0,0,0,0,,9,,,1,,,,,,,,,,
C. Bland,5/17/2016,2016,1,Long Shoal River,82,4.9,5.8,1,0,0,1,0,0,0,5,2,2,,,1,,,,,,,,,
P. Taillie,6/4/2016,2016,2,Long Shoal River,82,,6.4,1.73,1.4,0.666666667,0,3,0,3,,8,,,2,,,,,,,,,,
P. Taillie,6/4/2016,2016,2,Long Shoal River,82,,6.7,1.73,1.4,0.666666667,0,3,0,3,,8,,,2,,,,,,,,,,
C. Bland,5/17/2016,2016,1,Long Shoal River,83,3.2,11.4,1.18,0,0,1,0,0,0,,8,,2,,,,,,,,,,,
P. Taillie,6/4/2016,2016,2,Long Shoal River,83, ,13.6,1.5,0.2,1.45,0,0,0,0,,10,,,,,,,,,,,,,
P. Taillie,6/4/2016,2016,2,Long Shoal River,83,,13.6,1.49,0.2,1.45,0,0,0,0,,10,,,,,,,,,,,,,
C. Bland,4/19/2016,2016,1,Long Shoal River,84,,5.8,0.92,0,0,1,3,0,0,9,,,1,,,,,,,,,,,
C. Bland,5/25/2016,2016,2,Long Shoal River,84,6.7,6.3,0.83,0,0,1,0,0,0,3,,2,1,,2,2,,,,,,,,
C. Bland,4/19/2016,2016,1,Long Shoal River,85,,8.7,1.02,0,0,0,1,0,0,10,,,,,,,,,,,,,,
C. Bland,5/25/2016,2016,2,Long Shoal River,85,6.6,6.4,0.83,0,0,2,0,0,0,7,,,,,1,2,,,,,,,,
P. Taillie,4/15/2016,2016,1,Mashoes,86,,11.5,1.46,0,0,0,4,0,0,9,,,,1,,,,,,,,,,
A. Bledsoe,5/17/2016,2016,2,Mashoes,86,1.6,9.3,1.37,0,0,1,1,0,1,7,3,,,,,,,,,,,,,
A. Bledsoe,6/16/2016,2016,3,Mashoes,86,2.5,9.8,1.53,0,0,1,4,0,0,9,1,,,,,,,,,,,,,
C. Bland,4/27/2016,2016,1,ICW,87,3.2,6.6,0.99,0,0,2,0,4,3,,5,,,1,4,,,,,,,,,
C. Bland,6/17/2016,2016,2,ICW,87,2.4,7.2,1.02,0,0,1,1,0,1,,3,,,2,5,,,,,,,,,
C. Bland,5/4/2016,2016,1,Swan Quarter West,89,3.2,5.6,0.62,0,0,0,0,0,5,3,,,5,,,,,2,,,,,,
A. Bledsoe,6/27/2016,2016,2,Swanquarter West,89,,6.4,0.58,0.5,0.7,1,0,0,0,2,,,3,,,5,,,,,,,,
C. Bland,5/9/2016,2016,1,Swan Quarter West,91,6.8,6.8,0.82,0,0,0,0,0,0,6,,,4,,,,,,,,,,,
A. Bledsoe,6/27/2016,2016,2,Swanquarter West,91,,7.8,0.78,0.1,0.2,0,2,0,0,5,,,,,,5,,,,,,,,
C. Bland,5/4/2016,2016,1,Swan Quarter West,92,6.6,6.8,0.82,0,0,1,0,0,0,6,,,4,,,,,,,,,,,
C. Bland,6/4/2016,2016,2,Swan Quarter West,92,,7,1.06,0,0,2,3,0,0,5,,,1,,3,1,,,,,,,,
C. Bland,5/9/2016,2016,1,Swan Quarter West,93,6.9,6.5,0.76,0,0,0,0,0,0,6,,,4,,,,,,,,,,,
C. Bland,6/4/2016,2016,2,Swan Quarter West,93,2.7,7.9,1.17,0.4,1.5,1,1,0,0,3,,,2,4,,,,1,,,,,,
C. Bland,4/29/2016,2016,1,Juniper Bay,98,3.9,7.6,0.9,0,0,1,0,1,1,4,,,2,,4,,,,,,,,,
C. Bland,5/26/2016,2016,2,Juniper Bay,98,2.1,6,0.69,0.4,1,0,0,0,0,,,,4,,4,1,,1,,,,,,
C. Bland,6/13/2016,2016,3,Juniper Bay,98,1,6.7,0.92,0.7,0.4,0,1,0,0,,,,2,,5,2,,1,,,,,,
C. Bland,4/29/2016,2016,1,Juniper Bay,99,5.8,8,1.09,0,0,0,1,3,1,7,,,3,,,,,,,,,,,
C. Bland,5/26/2016,2016,2,Juniper Bay,99,2.1,6,0.79,0,0,2,0,0,0,4,,,2,,,4,,,,,,,,
C. Bland,6/13/2016,2016,3,Juniper Bay,99,1.3,6.8,0.75,1.1,0.85,0,2,0,0,5,,,3,,,2,,,,,,,,
C. Bland,4/29/2016,2016,1,Juniper Bay,100,5.4,6.2,0.84,0,0,1,1,1,2,3,1,,6,,,,,,,,,,,
C. Bland,5/26/2016,2016,2,Juniper Bay,100,3.2,4.5,0.71,0.4,1.5,3,0,0,0,2,,,4,,2,1,,1,,,,,,
C. Bland,6/13/2016,2016,3,Juniper Bay,100,1.1,6.3,0.82,0.8,0.5,1,2,0,0,3,,,2,,2,2,,1,,,,,,
C. Bland,4/29/2016,2016,1,Juniper Bay,101,6.6,7.3,1.17,0,0,3,0,0,0,9,,,1,,,,,,,,,,,
C. Bland,5/26/2016,2016,2,Juniper Bay,101,2.3,5.3,0.83,0.4,1.5,3,0,0,0,5,,,2,,,2,,1,,,,,,
C. Bland,6/13/2016,2016,3,Juniper Bay,101,1.9,7.4,1.05,0,0,2,2,0,0,8,,,2,,,,,,,,,,,
A. Bledsoe,5/24/2016,2016,1,Swan Quarter,107,3.5,8.3,1.35,0,0,2,0,0,0,10,,,,,,,,,,,,,,
C. Bland,5/9/2016,2016,1,Swan Quarter West,108,7.6,6.6,1,0,0,2,0,2,1,9, ,,1,,,,,,,,,,,
C. Bland,6/1/2016,2016,2,Swan Quarter West,108,3.8,8.3,1.26,0,0,1,1,0,0,8,,,,2,,,,,,,,,,
C. Bland,5/4/2016,2016,1,Swan Quarter West,109,6.4,7.5,1.09,0,0,1,0,0,1,10,,,,,,,,,,,,,,
C. Bland,6/1/2016,2016,2,Swan Quarter West,109,5.1,6.8,1.33,0,0,1,1,0,0,8,,,,2,,,,,,,,,,
A. Bledsoe,6/27/2016,2016,3,Swanquarter West,109,,6.2,1.59,0,0,3,0,0,0,2,,,,7,1,,,,,,,,,
P. Taillie,5/4/2016,2016,1,Gull Rock,111,7.3,9.9,1.34,0,0,0,0,0,0,9,,,1,,,,,,,,,,,
C. Bland,5/16/2016,2016,2,Gull Rock,111,9.7,10.7,1.1,0,0,0,0,0,0,9,,,,,1,,,,,,,,,
C. Bland,4/25/2016,2016,1,Gull Rock,112,6.3,7.1,1.11,0,0,2,2,0,0,10,,,,,,,,,,,,,,
A. Bledsoe,5/16/2016,2016,2,Gull Rock,112,10.9,7.9,1.2,0,0,0,6,0,0,9,,,,,1,,,,,,,,,
C. Bland,6/3/2016,2016,2,Gull Rock,112,9.1,9.3,1.18,0,0,0,1,0,0,9,,,,,1,,,,,,,,,
C. Bland,5/11/2016,2016,1,Manns Harbor,113,,6,0.9,0,0,1,0,0,0,,5,,,,5,,,,,,,,,
C. Bland,5/28/2016,2016,2,Manns Harbor,113,1.6,6.5,0.96,0,0,1,0,0,0,0,5,,,,5,,,,,,,,,
A. Bledsoe,6/8/2016,2016,3,Manns Harbor,113,1.4,7.7,1.49,0,0,0,0,0,0,2,,,,,8,,,,,,,,,
C. Bland,5/11/2016,2016,1,Manns Harbor,114,,8.7,1.01,0,0,0,0,0,0,3,3,,,,4,,,,,,,,,
C. Bland,5/28/2016,2016,2,Manns Harbor,114,1.4,7,1.07,0,0,1,0,0,0,4,,,,,6,,,,,,,,,
A. Bledsoe,6/8/2016,2016,3,Manns Harbor,114,2.1,6.9,1.19,0,0,0,0,0,0,8,,,,,2,,,,,,,,,
C. Bland,5/11/2016,2016,1,Manns Harbor,115,,7.6,0.98,0,0,1,0,0,0,2,4,2,,,2,,,,,,,,,
C. Bland,5/28/2016,2016,2,Manns Harbor,115,1.1,9.4,1.09,0,0,1,0,0,0,1,4,,,,5,,,,,,,,,
A. Bledsoe,6/8/2016,2016,3,Manns Harbor,115,1.4,6.9,1.2,0,0,0,0,0,0,3,2,,,,5,,,,,,,,,
C. Bland,5/11/2016,2016,1,Manns Harbor,117,,8.6,0.86,0,0,0,0,0,0,3,2,,,,5,,,,,,,,,
C. Bland,5/28/2016,2016,2,Manns Harbor,117,2.1,7.7,1.01,0,0,0,0,0,0,,,6,,,4,,,,,,,,,
A. Bledsoe,6/8/2016,2016,3,Manns Harbor,117,1.4,6.5,1.21,0,0,0,0,0,0,1,3,,,,6,,,,,,,,,
C. Bland,5/12/2016,2016,1,Pungo River,118,0.6,8.1,1.5,0,0,0,1,0,0,,,,,10,,,,,,,,,,
C. Bland,6/20/2016,2016,2,Pungo River,118,0.3,8.4,1.5,0,0,0,0,0,0,,,,,10,,,,,,,,,,
C. Bland,5/12/2016,2016,1,Pungo River,119,0.7,7.7,1.15,0,0,0,2,3,5,4,4,,,,,,,2,,,,,,
C. Bland,6/20/2016,2016,2,Pungo River,119,0.3,10,1.08,0.3,0.2,1,3,0,0,8,2,,,,,,,,,,,,,
C. Bland,5/12/2016,2016,1,Pungo River,120,0.5,10.6,1.38,0,0,0,0,2,2,2,,,,6,,,,2,,,,,,
C. Bland,6/20/2016,2016,2,Pungo River,120,0.4,8.9,1.17,0,0,0,1,0,0,2,,,,3,5,,,,,,,,,
C. Bland,5/12/2016,2016,1,Pungo River,121,0.5,7.5,1,0.7,1.75,0,0,3,1,,8,,,,,,,2,,,,,,
C. Bland,6/20/2016,2016,2,Pungo River,121,0.1,9.3,1.08,0.2,0.3,1,4,0,0,,10,,,,,,,,,,,,,
C. Bland,6/21/2016,2016,2,Pungo River,122,0.3,10.4,1.13,0.3,0.5,1,1,1,1,,8,1,,1,,,,,,,,,,
C. Bland,5/13/2016,2016,1,Pungo River,123,2.2,9.2,1.23,0.5,0.6,0,0,0,7,5,,1,1,2,1,,,,,,,,,
L. Bobay,6/20/2016,2016,2,Pungo River,123,0.9,9.8,1.32,0,0,0,0,0,0,7,1,1,1,,,,,,,,,,,
C. Bland,5/13/2016,2016,1,Pungo River,124,2.3,7.6,0.77,1.2,0.766666667,0,0,2,10,4,1,,4,,1,,,,,,,,,
L. Bobay,20-Jun,2016,2,Pungo River,124,1,9.3,1.23,0.4,1.55,0,1,0,0,7,,,2,,1,,,,,,,,,
C. Bland,5/13/2016,2016,1,Pungo River,125,2.3,7.2,1.05,0,0,1,0,0,2,1,1,6,2,,,,,,,,,,,
A. Bledsoe,6/20/2016,2016,2,Pungo River,125,1,8.7,1.17,0,0,0,0,0,0,5,2,,,,1,2,,,,,,,,
C. Bland,5/6/2016,2016,1,Cedar Island,126,21.6,5.9,0.61,0,0,1,0,0,0,7,,,3,,,,,,,,,,,
C. Bland,5/19/2016,2016,2,Cedar Island,126,20.5,7,0.72,0,0,0,0,0,0,8,,,,,,2,,,,,,,,
C. Bland,5/6/2016,2016,1,Cedar Island,127,12.6,7,0.87,0,0,1,0,0,0,6,,,4,,,,,,,,,,,
C. Bland,5/19/2016,2016,2,Cedar Island,127,12.6,6.6,0.72,0,0,1,0,0,0,4,,,1,,,5,,,,,,,,
C. Bland,5/6/2016,2016,1,Cedar Island,128,15.6,7.9,1.2,0,0,0,2,0,0,10,,,,,,,,,,,,,,
C. Bland,5/19/2016,2016,2,Cedar Island,128,12.5,7,1.18,0,0,1,2,0,0,10,,,,,,,,,,,,,,
C. Bland,5/19/2016,2016,1,Cedar Island,129,14.3,6.6,0.79,0,0,1,0,0,0,5,,,2,,,3,,,, ,,,,
C. Bland,6/18/2016,2016,2,Cedar Island,129,13.8,6.4,0.88,0,0,2,2,0,0,8,,,1,,,1,,,,,,,,
P. Taillie,5/12/2016,2016,1,Whipping Creek,130,,3.1,1.28,0.3,1.5,3,0,0,0,,9,,,,,,,1,,,,,,
A. Bledsoe,5/25/2016,2016,2,Whipping Creek,130,,4.5,1.18,0,0,1,1,0,0,,10,,,,,,,,,,,,,
A. Bledsoe,6/14/2016,2016,3,Whipping Creek,130,2.6,4.7,0.99,0,0,0,0,0,0,2,6,,,,2,,,,,,,,,
P. Taillie,5/12/2016,2016,1,Whipping Creek,131,,1.5,0.38,0,0,5,0,0,1,2,,,6,,,1,,,1,,,,,
A. Bledsoe,5/25/2016,2016,2,Whipping Creek,131,,2.8,0.53,0,0,0,0,0,1,2,,,,,5,3,,,,,,,,
A. Bledsoe,6/14/2016,2016,3,Whipping Creek,131,8.2,2.5,0.33,0,0,0,0,0,0,1,,,,,,9,,,,,,,,
P. Taillie,5/12/2016,2016,1,Whipping Creek,132,14.4,0.5,0.2,0,0,6,0,0,0,,,,,,,7,,,3,,,,,
A. Bledsoe,5/25/2016,2016,2,Whipping Creek,132,,2.1,0.26,0,0,0,0,0,0,,,,3,,,7,,,,,,,,
A. Bledsoe,6/14/2016,2016,3,Whipping Creek,132,11.5,2.1,0.3,0,0,0,0,0,0,1,,,,,,9,,,,,,,,
P. Taillie,5/12/2016,2016,1,Whipping Creek,133,13.8,1.5,0.49,0,0,3,0,0,0,2,,,,,,1,,,7,,,,,
A. Bledsoe,5/25/2016,2016,2,Whipping Creek,133,,2.6,0.57,0,0,1,1,0,0,4,,,4,,1,1,,,,,,,,
A. Bledsoe,6/14/2016,2016,3,Whipping Creek,133,10.9,3,0.4,0,0,0,0,0,0,1,,,,,,9,,,,,,,,
C. Bland,5/22/2016,2016,1,Cedar Island,134,8.2,9.8,1.16,0,0,0,1,0,0,10,,,,,,,,,,,,,,
C. Bland,6/19/2016,2016,2,Cedar Island,134,12.5,8.6,1,0.6,1.2,1,2,0,0,8,,,,,,1,,1,,,,,,
C. Bland,5/22/2016,2016,1,Cedar Island,135,10.1,7.2,0.82,0,0,1,0,0,0,4,,,,,1,5,,,,,,,,
C. Bland,6/19/2016,2016,2,Cedar Island,135,12.3,7.8,0.78,0,0,1,0,0,0,4,,,,,1,4,,,1,,,,,
